id,event_date,age,income,gender,region,purchases,category,churn
1,2023-04-13,34.0,,Female,East,2.0,D,0
2,2023-12-15,40.0,54770.0,Male,East,2.0,,1
3,2023-09-28,,85399.0,Female,East,2.0,B,0
4,2023-04-17,44.0,52703.0,Male,,,B,1
5,2023-03-13,,53504.0,,North,7.0,B,0
6,2023-07-08,29.0,,,East,0.0,B,1
7,2023-01-21,53.0,67363.0,,East,3.0,C,0
8,2023-04-13,28.0,36141.0,Female,South,3.0,B,1
9,2023-05-02,44.0,50087.0,Male,North,4.0,C,0
10,2023-08-03,19.0,41528.0,Female,,3.0,B,0
11,2023-11-27,,53408.0,Other,South,,A,1
12,2023-03-29,35.0,67990.0,Female,East,3.0,C,0
13,2024-01-08,39.0,60201.0,Male,South,3.0,C,1
14,2023-04-10,40.0,72774.0,Female,South,7.0,B,0
15,2023-12-26,45.0,82781.0,Male,East,2.0,A,1
16,2023-06-01,21.0,,Male,North,,A,1
17,2023-05-11,38.0,51386.0,,North,3.0,A,0
18,2023-05-30,31.0,77239.0,Male,South,3.0,A,0
19,2023-11-05,19.0,78667.0,Female,East,4.0,C,1
20,2023-09-15,49.0,73331.0,Male,West,2.0,A,0
21,2023-12-10,34.0,42861.0,Female,South,3.0,C,1
22,2023-10-21,41.0,67608.0,Male,West,3.0,A,1
23,2024-01-21,40.0,61970.0,Male,,3.0,A,0
24,2023-07-11,34.0,,Male,South,2.0,,1
25,2023-10-04,60.0,49688.0,Male,East,3.0,A,0
26,2023-06-10,37.0,30001.0,Male,East,1.0,D,1
27,2023-11-10,21.0,72424.0,Male,West,5.0,A,0
28,2023-01-22,34.0,13949.0,Female,West,,,0
29,2023-09-10,43.0,46833.0,Male,North,3.0,C,1
30,2023-08-24,44.0,41582.0,Male,East,,B,1
31,2023-12-11,26.0,41461.0,Male,South,3.0,A,1
32,2023-02-18,48.0,46517.0,Female,South,3.0,B,1
33,02/28/2023,19.0,81913.0,Female,North,4.0,C,0
34,2023-06-19,51.0,74770.0,Female,East,50.0,D,0
35,2023-07-07,23.0,55469.0,Male,South,4.0,D,0
36,2023-09-28,,80405.0,Male,North,2.0,A,0
37,2023-07-09,50.0,40879.0,Female,North,5.0,D,1
38,2023-06-24,39.0,38431.0,Male,South,4.0,A,0
39,2023-02-20,47.0,75545.0,Male,South,2.0,A,0
40,2023-12-30,45.0,70434.0,Male,West,,C,0
41,2023-02-24,,51715.0,,East,4.0,A,1
42,2023-09-01,50.0,39562.0,Male,West,4.0,A,0
43,2023-11-16,33.0,86275.0,Female,North,,A,0
44,2023-05-11,45.0,,Male,South,5.0,B,0
45,2023-11-03,,49228.0,Female,West,2.0,C,0
46,2023-05-15,37.0,64114.0,Male,North,3.0,B,0
47,2023-01-21,47.0,92439.0,Male,East,3.0,A,0
48,2023-11-25,39.0,66896.0,Female,South,3.0,B,0
49,2023-06-16,43.0,68645.0,Male,West,2.0,,1
50,2023-10-01,36.0,49751.0,Female,East,3.0,C,0
51,2024-01-23,50.0,70233.0,,West,2.0,,0
52,2023-03-30,37.0,61896.0,Male,North,6.0,D,0
53,2023-11-12,,31408.0,Female,East,4.0,C,0
54,2023-01-14,48.0,481828.0,Male,West,2.0,,0
55,2023-08-30,23.0,77467.0,Female,East,1.0,A,0
56,2023-09-22,44.0,74461.0,Male,North,4.0,A,1
57,2023-12-12,27.0,,Female,East,4.0,C,1
58,2023-02-22,52.0,42789.0,Male,West,,A,0
59,2024-01-21,35.0,18435.0,Female,North,6.0,B,0
60,2023-12-06,39.0,62827.0,Female,South,3.0,A,0
61,2023-04-02,43.0,79475.0,Female,West,0.0,D,0
62,2024-01-02,17.0,77920.0,Female,West,3.0,A,0
63,2023-09-21,31.0,74689.0,Female,North,1.0,D,1
64,2023-02-04,49.0,58664.0,Female,North,2.0,D,0
65,2023-07-25,48.0,79574.0,Male,South,3.0,A,0
66,2023-03-22,41.0,76635.0,Male,West,2.0,B,0
67,2023-02-19,23.0,52393.0,Male,North,3.0,A,0
68,2023-12-26,44.0,72179.0,Male,South,3.0,D,0
69,2024-01-23,,,Male,South,2.0,B,0
70,2023-01-02,39.0,69720.0,,North,5.0,A,0
71,2024-01-25,,36616.0,Male,West,1.0,A,0
72,2023-02-23,30.0,38000.0,Female,East,3.0,,0
73,2023-04-16,32.0,,Male,East,3.0,D,1
74,2023-09-17,11.0,76876.0,Male,South,3.0,C,0
75,2023-11-06,48.0,71405.0,,East,4.0,D,0
76,2023-07-10,41.0,61583.0,Female,East,4.0,B,0
77,2023-08-06,19.0,16957.0,Female,North,1.0,A,0
78,2023-02-13,19.0,58652.0,Female,South,4.0,D,1
79,2023-06-11,28.0,68175.0,Male,,2.0,,1
80,2023-07-21,47.0,,,South,1.0,D,0
81,2023-09-27,35.0,47175.0,Male,North,3.0,B,1
82,2023-12-17,29.0,86000.0,Male,East,,A,0
83,2023-10-31,27.0,58915.0,Male,West,0.0,,1
84,2023-09-28,26.0,68186.0,Male,South,4.0,D,0
85,2023-08-03,17.0,73934.0,Male,East,3.0,D,1
86,2023-09-09,25.0,41974.0,Female,South,4.0,A,0
87,2023-07-09,26.0,63478.0,Female,West,0.0,,1
88,2023-10-23,46.0,83754.0,Male,South,,B,1
89,2023-08-01,36.0,92746.0,Male,South,6.0,B,0
90,2023-07-27,29.0,60719.0,Male,South,4.0,C,0
91,2023-08-25,63.0,55717.0,Male,,4.0,,0
92,2023-12-04,31.0,,Female,West,2.0,,1
93,2024-01-02,51.0,64385.0,Male,West,1.0,B,0
94,2023-02-22,56.0,,Female,East,2.0,C,0
95,2023-10-07,21.0,42065.0,Male,East,3.0,B,0
96,2023-08-05,39.0,54962.0,Other,East,2.0,B,0
97,2023-09-09,32.0,39891.0,Male,North,4.0,D,0
98,2023-07-07,31.0,41782.0,Female,South,3.0,B,0
99,2024-01-15,44.0,66778.0,Male,South,3.0,D,0
100,2023-02-10,31.0,74577.0,Female,West,1.0,D,1
101,2023-06-06,33.0,48311.0,Male,South,50.0,C,0
102,2023-01-15,36.0,73898.0,Male,North,4.0,B,0
103,2023-10-28,34.0,80008.0,Female,East,3.0,A,0
104,2023-03-06,25.0,94825.0,Female,West,2.0,A,0
105,2023-12-11,47.0,61255.0,Female,West,2.0,A,0
106,2023-11-23,50.0,48484.0,Female,South,4.0,A,1
107,2023-01-09,42.0,,Female,West,1.0,A,0
108,2023-12-10,34.0,40168.0,Male,,,A,0
109,2023-05-09,30.0,82496.0,Male,West,1.0,B,1
110,2023-05-16,30.0,32728.0,Male,East,2.0,B,0
111,2023-03-04,64.0,81919.0,Female,North,1.0,A,1
112,2023-05-19,48.0,44368.0,Male,North,1.0,A,0
113,2023-03-22,29.0,47666.0,Male,East,2.0,C,0
114,2024-01-27,40.0,57272.0,Female,South,4.0,B,0
115,2023-06-12,34.0,47334.0,Female,West,3.0,B,0
116,2023-10-16,44.0,76776.0,,South,,B,0
117,2024-01-14,44.0,,Male,West,2.0,C,0
118,2023-09-18,50.0,48166.0,Male,North,3.0,B,1
119,2023-08-19,29.0,52220.0,,North,5.0,B,0
120,2023-02-10,39.0,57060.0,Male,North,5.0,D,1
121,2023-01-28,19.0,69739.0,,West,3.0,,0
122,2023-05-15,24.0,57237.0,Female,North,4.0,B,0
123,2023-07-20,48.0,84971.0,Female,North,4.0,B,0
124,2023-11-24,28.0,80639.0,Male,North,3.0,,0
125,2023-09-25,29.0,38662.0,,North,2.0,B,1
126,2023-02-02,38.0,69377.0,Male,South,3.0,D,0
127,2023-02-17,46.0,87366.0,Male,North,3.0,B,0
128,2023-03-03,26.0,51094.0,Female,North,5.0,D,0
129,2023-08-04,-0.0,,Male,South,3.0,B,0
130,2023-10-20,28.0,50495.0,,South,2.0,D,0
131,2023-04-09,51.0,50873.0,Female,West,4.0,B,0
132,2023-06-21,42.0,29968.0,Male,East,4.0,A,0
133,2023-12-26,53.0,36090.0,Female,North,1.0,B,0
134,2023-08-02,26.0,61395.0,Male,North,5.0,A,0
135,2023-02-04,20.0,,Female,North,2.0,A,0
136,2023-08-15,43.0,48960.0,Male,West,1.0,C,0
137,2023-04-11,41.0,48430.0,Male,North,2.0,A,1
138,2023-05-11,41.0,90627.0,Female,East,5.0,C,0
139,2023-09-14,48.0,40051.0,,South,4.0,A,1
140,2023-01-05,43.0,30098.0,Male,West,5.0,A,1
141,2023-08-06,42.0,45087.0,Male,South,4.0,D,1
142,2023-09-12,46.0,,Male,North,1.0,B,1
143,2024-02-02,44.0,28546.0,Male,North,2.0,B,0
144,2023-12-25,47.0,,Male,North,1.0,B,1
145,2023-10-10,49.0,77072.0,Female,East,4.0,B,1
146,2024-01-28,55.0,36853.0,Male,East,2.0,D,1
147,2023-07-26,31.0,61576.0,Female,West,2.0,C,1
148,2023-01-15,43.0,67127.0,Male,South,3.0,B,1
149,2023-12-12,34.0,58499.0,Male,North,4.0,D,0
150,2023-02-11,29.0,63342.0,,North,2.0,A,0
151,15-Jan-2024,30.0,63552.0,Male,,3.0,B,0
152,2023-06-28,43.0,45371.0,Other,North,4.0,D,0
153,2023-03-04,43.0,86974.0,Male,East,2.0,B,1
154,2023-12-18,,82460.0,Female,South,3.0,C,1
155,2023-08-19,,81418.0,Female,South,2.0,C,1
156,2023-08-29,,78246.0,Female,West,5.0,C,0
157,2023-02-21,47.0,31650.0,Female,East,7.0,D,1
158,2023-04-06,22.0,76669.0,Female,North,4.0,A,0
159,2024-01-23,38.0,71801.0,Male,South,2.0,A,1
160,2023-08-10,39.0,32343.0,Male,South,0.0,B,1
161,2023-08-19,46.0,56132.0,Female,East,3.0,C,0
162,2023-08-25,23.0,64982.0,Male,West,3.0,A,0
163,2023-05-23,54.0,89958.0,Male,West,2.0,A,0
164,2023-06-20,40.0,73045.0,Female,North,1.0,A,0
165,2023-01-29,41.0,44438.0,Male,West,7.0,D,0
166,2023-02-05,34.0,90517.0,Female,South,4.0,C,0
167,2023-01-13,44.0,60788.0,Female,West,7.0,B,0
168,2023-06-09,39.0,,Female,North,4.0,A,1
169,2023-11-23,51.0,54112.0,Female,South,2.0,B,0
170,2023-07-06,22.0,30776.0,Male,West,2.0,A,0
171,2023-08-31,40.0,58024.0,Male,West,,A,0
172,2023-03-27,42.0,68955.0,Male,East,2.0,D,0
173,2023-10-11,36.0,53063.0,Male,North,5.0,D,0
174,2023-03-07,34.0,67568.0,Female,West,,A,0
175,2023-06-19,34.0,44441.0,Female,East,0.0,A,1
176,2023-02-14,40.0,57463.0,Male,South,0.0,A,0
177,2023-03-03,18.0,65698.0,Male,East,4.0,B,0
178,2023-05-14,49.0,63414.0,Other,,2.0,A,0
179,2023-10-11,33.0,31102.0,Male,West,2.0,A,1
180,2023-01-28,39.0,52098.0,Female,West,5.0,A,0
181,2023-04-18,42.0,90194.0,Male,West,3.0,,1
182,2023-02-13,,51136.0,Female,East,4.0,C,0
183,2023-12-06,37.0,60285.0,Female,South,0.0,B,1
184,2023-10-13,16.0,58438.0,,,2.0,B,0
185,2023-11-27,46.0,,Female,East,3.0,D,0
186,2023-05-08,50.0,83227.0,Male,West,3.0,D,1
187,2023-12-14,19.0,74536.0,Male,North,2.0,,1
188,2023-08-19,,42482.0,Female,South,,A,1
189,2023-07-09,24.0,66465.0,Male,North,2.0,B,1
190,2023-08-13,36.0,70223.0,Female,West,2.0,A,0
191,2024-01-20,45.0,47425.0,Female,East,4.0,B,0
192,2024-01-12,49.0,44331.0,Female,East,4.0,,0
193,10-Oct-2023,50.0,90690.0,Female,West,1.0,B,0
194,2023-05-01,52.0,54586.0,Female,East,4.0,,0
195,2023-04-26,36.0,89070.0,Female,West,1.0,B,1
196,2023-08-21,25.0,77948.0,Male,East,5.0,D,1
197,2023-09-16,37.0,67342.0,Male,East,1.0,A,1
198,2023-12-25,,68146.0,Male,East,4.0,C,0
199,2023-07-17,25.0,,Female,,3.0,A,0
200,2023-05-17,56.0,63722.0,Male,South,2.0,A,1
201,2023-11-14,48.0,85506.0,Female,West,2.0,B,0
202,2023-06-14,36.0,72264.0,Male,South,1.0,A,0
203,2023-08-13,30.0,62778.0,,West,2.0,A,0
204,2023-11-03,31.0,90815.0,Male,North,1.0,A,0
205,2023-08-22,39.0,56669.0,Female,North,3.0,B,0
206,2023-06-21,35.0,48848.0,Female,South,1.0,C,0
207,2023-06-01,48.0,62769.0,Male,North,1.0,A,0
208,2023-11-11,34.0,73796.0,Male,North,2.0,C,0
209,2024-01-09,44.0,29080.0,Female,East,5.0,A,0
210,2023-06-09,38.0,65128.0,Female,East,6.0,B,0
211,2023-04-06,41.0,74586.0,Male,West,2.0,B,1
212,2023-08-21,35.0,55146.0,Other,North,3.0,C,1
213,2023-06-29,46.0,79925.0,Female,West,5.0,D,0
214,2023-04-23,,71541.0,Female,West,5.0,D,0
215,2023-11-14,43.0,,Male,North,0.0,A,0
216,2023-02-21,45.0,46489.0,Male,South,3.0,D,0
217,2023-09-25,28.0,74953.0,Female,North,3.0,A,1
218,2023-10-22,42.0,41688.0,Female,East,1.0,D,1
219,2024-01-21,52.0,30923.0,Female,North,1.0,A,1
220,2024-01-22,43.0,23360.0,,South,,B,0
221,2023-04-23,27.0,69690.0,Male,West,3.0,A,0
222,2023-04-11,37.0,63316.0,Male,West,2.0,,0
223,2023-04-23,42.0,51377.0,Male,East,1.0,C,1
224,2023-03-22,30.0,28077.0,,East,6.0,D,0
225,2023-07-06,23.0,47573.0,Male,East,0.0,B,0
226,2023-04-23,35.0,60074.0,,West,1.0,C,1
227,2023-01-02,30.0,74277.0,Male,East,3.0,,0
228,2023-05-10,38.0,59702.0,Female,North,2.0,A,0
229,2023-08-08,20.0,64537.0,Female,West,2.0,A,0
230,2023-02-23,44.0,53230.0,Female,South,6.0,A,0
231,2023-12-09,31.0,91486.0,Male,West,3.0,B,1
232,2023-08-12,49.0,41672.0,Female,North,1.0,A,0
233,2023-08-13,35.0,47414.0,Female,North,3.0,A,0
234,2024-01-20,,51138.0,Female,East,4.0,A,0
235,2023-05-06,36.0,69769.0,Female,West,0.0,A,1
236,2023-05-10,30.0,41301.0,Other,West,2.0,D,1
237,2023-02-22,65.0,62443.0,Female,West,1.0,A,1
238,2023-06-21,33.0,62968.0,Male,South,3.0,B,0
239,2023-08-06,49.0,47502.0,Female,East,,B,0
240,2023-06-09,26.0,65940.0,Male,North,4.0,B,0
241,2023-07-17,42.0,41859.0,Female,North,2.0,A,1
242,2023-09-04,43.0,39893.0,Male,East,3.0,A,1
243,2023-11-20,38.0,61793.0,Male,North,3.0,A,0
244,2023-07-22,32.0,,Female,North,5.0,B,0
245,2023-07-03,35.0,21394.0,Female,East,1.0,A,0
246,2023-05-03,34.0,,Male,North,,B,0
247,2023-09-12,64.0,78881.0,Male,West,0.0,,0
248,2023-10-21,,51598.0,Female,South,2.0,B,1
249,2023-10-07,44.0,47975.0,Male,East,2.0,B,0
250,2023-11-21,58.0,78100.0,Female,South,1.0,,0
251,2024-01-07,28.0,39380.0,Male,,4.0,C,0
252,2023-04-08,38.0,35459.0,Female,North,5.0,A,0
253,2023-07-17,35.0,72737.0,Female,West,2.0,C,1
254,2024-01-30,37.0,60163.0,Male,East,4.0,C,0
255,2023-08-28,36.0,,Male,,4.0,B,0
256,2023-05-24,30.0,21475.0,Male,East,2.0,A,0
257,2023-04-07,40.0,34788.0,,East,,B,1
258,2023-07-20,26.0,60258.0,Female,East,3.0,A,0
259,2023-05-04,49.0,67518.0,Female,East,3.0,A,0
260,2023-07-06,45.0,75246.0,Male,East,3.0,A,0
261,2023-11-22,33.0,63147.0,Male,South,4.0,A,1
262,2023-12-15,33.0,62964.0,Male,West,5.0,B,1
263,2023-09-16,41.0,52991.0,Male,East,4.0,C,0
264,2023-05-28,29.0,88636.0,Female,South,,A,0
265,2023-09-09,58.0,40146.0,Female,North,2.0,D,0
266,2023-12-12,42.0,66462.0,Female,East,,D,0
267,2023-05-27,42.0,42219.0,Male,North,5.0,D,0
268,2023-05-28,45.0,69626.0,Female,East,2.0,C,0
269,2023-12-18,32.0,41334.0,Female,South,1.0,B,1
270,2023-07-18,50.0,73389.0,Female,South,2.0,A,0
271,2023-11-04,39.0,62018.0,Female,South,4.0,B,0
272,2023-05-08,,91404.0,Male,West,2.0,B,0
273,2023-02-08,36.0,54942.0,Male,North,4.0,C,0
274,2023-12-04,52.0,67649.0,Female,West,1.0,,0
275,2023-12-26,42.0,45966.0,Male,East,3.0,B,1
276,2023-05-09,62.0,54818.0,Male,North,5.0,A,0
277,2023-09-24,34.0,61903.0,Female,South,4.0,A,0
278,2023-05-31,40.0,,Female,,1.0,A,0
279,2023-10-25,27.0,34483.0,Female,South,2.0,B,0
280,2023-04-09,32.0,70797.0,Male,West,2.0,B,1
281,2023-09-20,45.0,,Male,West,7.0,C,0
282,2023-09-09,50.0,49327.0,Female,South,2.0,B,0
283,2023-05-24,71.0,46734.0,Other,,3.0,,1
284,2023-12-12,37.0,47427.0,Female,East,3.0,B,0
285,2023-04-22,,62026.0,Female,West,6.0,C,1
286,03/01/2023,46.0,68011.0,Female,West,2.0,A,0
287,2024-01-04,26.0,22342.0,Female,East,2.0,D,1
288,2023-01-02,44.0,,Male,West,2.0,C,0
289,2024-01-20,32.0,481828.0,Female,South,1.0,,1
290,2023-10-31,40.0,18048.0,Female,North,3.0,A,0
291,2023-09-11,50.0,79547.0,Female,North,5.0,D,0
292,2023-05-20,37.0,78994.0,Female,West,4.0,A,0
293,2023-02-06,48.0,60008.0,Female,East,4.0,B,0
294,2023-06-09,48.0,36651.0,Male,,3.0,A,1
295,2023-01-09,17.0,78274.0,Female,North,2.0,C,0
296,2023-08-21,28.0,55658.0,Male,South,4.0,C,0
297,2023-04-09,21.0,69880.0,Female,West,3.0,B,0
298,2023-05-27,60.0,99946.0,Male,West,3.0,B,0
299,2023-10-31,37.0,64533.0,Male,North,1.0,D,1
300,2023-07-27,58.0,43496.0,Male,,4.0,C,1
301,2023-05-11,20.0,53957.0,Female,East,3.0,D,0
302,2023-06-01,32.0,45790.0,,West,1.0,B,1
303,2023-02-23,47.0,67803.0,Male,West,1.0,A,0
304,2023-04-30,40.0,45491.0,Female,West,1.0,B,1
305,2023-06-10,44.0,51489.0,Male,South,2.0,C,0
306,2023-04-26,24.0,36880.0,Female,South,3.0,A,1
307,2023-03-16,53.0,57622.0,Female,North,3.0,A,0
308,2023-04-23,47.0,63182.0,Female,North,3.0,A,1
309,2023-04-14,42.0,11674.0,Male,North,1.0,B,1
310,2023-12-06,30.0,64672.0,Female,West,3.0,C,0
311,2023-09-11,42.0,59177.0,Male,South,2.0,A,1
312,2023-08-15,35.0,46230.0,Male,East,1.0,C,0
313,2023-04-22,20.0,96515.0,Male,West,1.0,D,0
314,09-Apr-2023,37.0,77253.0,Female,West,1.0,A,1
315,2023-06-02,36.0,481828.0,,West,4.0,C,0
316,2023-12-15,50.0,75088.0,Female,East,3.0,D,0
317,2024-01-19,13.0,82401.0,Female,North,2.0,D,0
318,2024-01-01,41.0,62376.0,Female,East,2.0,A,0
319,2023-12-04,,,Male,North,3.0,A,0
320,2023-07-13,42.0,66090.0,Other,East,2.0,A,0
321,2023-11-06,42.0,22455.0,Female,South,4.0,C,1
322,2023-06-12,37.0,56636.0,Female,West,2.0,C,0
323,2023-07-27,,55700.0,Male,West,3.0,C,0
324,2023-06-18,24.0,85743.0,Female,West,,A,0
325,2023-06-10,50.0,,Male,North,5.0,A,0
326,2023-03-09,30.0,54643.0,Male,East,2.0,B,0
327,2023-10-16,21.0,58378.0,Male,,1.0,B,1
328,2024-02-02,35.0,78421.0,Female,East,1.0,C,1
329,2023-10-04,15.0,56677.0,Male,,4.0,B,0
330,2023-10-31,41.0,47432.0,Male,South,1.0,A,1
331,2024-01-19,35.0,55037.0,Female,South,4.0,A,1
332,2024-01-27,52.0,76933.0,Female,West,,A,1
333,2023-05-15,45.0,68931.0,Male,,5.0,A,0
334,2023-07-14,23.0,60797.0,Female,West,1.0,A,0
335,2023-05-08,29.0,,Male,East,,A,1
336,2023-02-02,44.0,49925.0,Male,South,2.0,,1
337,2023-06-25,47.0,56509.0,Male,South,,A,0
338,2024-01-06,51.0,48061.0,Female,West,0.0,C,0
339,2024-01-10,51.0,54694.0,Male,South,4.0,A,0
340,2023-01-22,37.0,84231.0,Male,North,0.0,C,0
341,2023-08-26,42.0,40598.0,Male,,1.0,C,0
342,2023-06-07,52.0,47603.0,Female,North,3.0,B,1
343,2023-02-07,35.0,37423.0,Male,South,1.0,,0
344,2023-08-18,,,Male,West,4.0,A,0
345,2023-12-31,34.0,56638.0,Male,West,3.0,C,0
346,2023-02-20,32.0,48883.0,Male,North,2.0,D,0
347,2023-09-21,39.0,91710.0,Female,West,4.0,D,0
348,2023-10-10,30.0,54909.0,Female,South,7.0,A,0
349,2023-01-27,37.0,83209.0,Male,South,4.0,A,0
350,2023-08-14,27.0,,Male,West,4.0,A,0
351,2023-10-04,36.0,56239.0,Male,South,3.0,B,0
352,2023-10-13,43.0,97982.0,Male,East,3.0,C,0
353,2023-04-07,32.0,64834.0,Male,East,2.0,A,1
354,2023-10-11,38.0,87234.0,Female,South,2.0,B,1
355,2024-01-02,,85139.0,Other,West,3.0,C,0
356,2023-11-13,43.0,,Other,North,3.0,B,1
357,2023-10-31,37.0,73520.0,Female,West,2.0,D,0
358,2023-05-27,50.0,71233.0,Female,North,3.0,C,1
359,2023-01-04,15.0,39403.0,,West,3.0,A,0
360,2023-02-04,70.0,61031.0,Male,South,3.0,B,0
361,2023-07-11,,79336.0,Female,East,4.0,A,0
362,2023-02-18,42.0,87471.0,Male,West,3.0,,1
363,2023-01-17,28.0,47028.0,Female,North,8.0,D,0
364,2023-06-21,45.0,69519.0,Female,East,3.0,D,0
365,2023-08-08,41.0,62716.0,Male,North,2.0,B,0
366,2023-06-07,31.0,57878.0,Male,South,4.0,A,1
367,2023-02-15,50.0,66408.0,Female,East,0.0,A,1
368,2024-01-08,36.0,63924.0,,North,4.0,,0
369,2023-01-06,44.0,69745.0,Female,West,2.0,A,1
370,2023-04-09,28.0,85951.0,Female,South,1.0,B,0
371,2024-01-15,38.0,74114.0,Female,South,2.0,A,0
372,2023-08-21,60.0,65591.0,Female,South,1.0,A,1
373,2023-02-06,,93563.0,Male,West,1.0,A,1
374,2023-10-07,41.0,79979.0,Male,West,4.0,D,1
375,2023-12-15,33.0,58337.0,Female,East,3.0,C,0
376,2023-10-29,39.0,38092.0,Female,West,2.0,A,0
377,2023-06-30,40.0,42219.0,Female,East,3.0,A,0
378,2023-04-05,43.0,76798.0,Male,South,3.0,B,0
379,2023-04-09,26.0,48654.0,Male,East,3.0,A,0
380,2023-07-07,45.0,41855.0,,North,5.0,B,1
381,2023-04-26,26.0,46354.0,Male,South,4.0,C,0
382,2023-07-10,56.0,47627.0,Female,South,1.0,B,0
383,2023-09-10,30.0,75312.0,Male,East,2.0,B,0
384,2023-06-10,41.0,57179.0,Female,South,3.0,B,1
385,2023-09-13,49.0,35297.0,Female,,3.0,D,1
386,2023-11-19,35.0,60559.0,Female,North,5.0,D,0
387,2023-05-08,42.0,64001.0,Male,East,2.0,B,0
388,2023-01-18,54.0,51372.0,Female,East,3.0,A,0
389,2023-10-08,44.0,80806.0,Female,South,4.0,B,0
390,2023-08-11,,52423.0,,West,2.0,A,1
391,2023-02-23,19.0,79950.0,Female,South,2.0,B,1
392,2023-02-27,28.0,70742.0,Female,South,1.0,B,1
393,2023-11-19,50.0,76679.0,Female,East,3.0,A,0
394,2023-12-26,44.0,,Female,South,4.0,A,1
395,2023-06-23,46.0,61770.0,Male,North,6.0,B,0
396,2023-10-07,45.0,59049.0,Male,South,2.0,D,1
397,2023-04-24,52.0,34404.0,Male,South,5.0,B,0
398,2023-10-15,35.0,79891.0,Female,East,4.0,,0
399,2023-12-08,39.0,45287.0,,South,7.0,A,0
400,2023-05-31,27.0,49028.0,Female,West,4.0,B,0
401,2023-05-07,24.0,,Male,East,3.0,B,0
402,2023-06-04,20.0,72621.0,Male,South,,C,0
403,2024-01-21,28.0,32533.0,Female,North,5.0,A,1
404,2023-09-30,55.0,,Male,North,6.0,,1
405,2023-04-14,21.0,78801.0,Male,East,2.0,A,1
406,2024-01-28,35.0,69669.0,Female,,2.0,,0
407,2023-10-26,24.0,72827.0,Male,South,2.0,D,0
408,2023-09-03,31.0,73672.0,Male,West,1.0,,1
409,2023-06-25,40.0,42910.0,Male,South,,A,0
410,2023-02-08,,85825.0,Male,North,5.0,B,0
411,2023-06-19,50.0,51719.0,Other,West,,D,0
412,2023-09-04,55.0,58805.0,Male,West,5.0,B,0
413,2023-01-26,13.0,54013.0,Male,West,3.0,C,0
414,2023-12-21,,68848.0,Male,South,5.0,D,0
415,2023-11-02,39.0,50315.0,Female,North,3.0,A,0
416,2023-01-13,50.0,61204.0,Male,East,0.0,B,0
417,2023-11-12,33.0,37764.0,Female,South,2.0,B,1
418,2024-01-26,38.0,80964.0,,East,2.0,C,1
419,2023-11-09,,72073.0,Male,West,3.0,A,0
420,2023-02-05,21.0,54739.0,Male,West,3.0,A,0
421,2023-06-22,54.0,51555.0,Female,South,4.0,C,0
422,2023-01-20,18.0,71603.0,Female,North,4.0,B,0
423,17-Nov-2023,64.0,47269.0,Male,,3.0,B,0
424,2023-09-21,46.0,62257.0,Female,East,2.0,B,0
425,2024-02-04,45.0,80905.0,Female,East,2.0,A,1
426,2023-05-22,44.0,45397.0,Male,South,4.0,B,0
427,2024-01-06,35.0,66635.0,Female,East,3.0,B,1
428,2023-05-23,42.0,,Male,North,0.0,D,1
429,2023-04-02,36.0,58248.0,Female,West,4.0,A,0
430,2023-12-20,44.0,50932.0,,East,3.0,D,1
431,2023-11-18,38.0,81866.0,Female,East,2.0,B,0
432,2023-10-15,28.0,49244.0,Female,West,1.0,A,0
433,2023-08-03,28.0,27383.0,Male,South,3.0,,0
434,2023-12-08,27.0,71530.0,Female,East,3.0,A,1
435,2023-02-20,49.0,38377.0,Male,South,2.0,D,0
436,2023-06-02,31.0,72454.0,Male,South,1.0,D,1
437,2023-07-05,17.0,84028.0,Female,East,3.0,A,0
438,2023-03-04,42.0,,Female,North,,A,0
439,2023-07-09,55.0,79285.0,Female,South,4.0,B,1
440,2023-05-05,47.0,96361.0,Male,East,3.0,B,0
441,2023-05-30,31.0,77402.0,Female,South,4.0,B,0
442,2023-11-10,21.0,65950.0,Female,West,6.0,A,1
443,27-Feb-2023,,89411.0,Male,North,4.0,B,0
444,2023-12-08,36.0,91586.0,Male,North,2.0,A,0
445,2023-11-01,27.0,,Male,West,2.0,C,1
446,2023-06-29,44.0,51141.0,Male,West,2.0,C,0
447,2023-06-19,58.0,35628.0,Other,South,2.0,B,1
448,2023-11-22,,,Female,,2.0,D,0
449,2023-09-28,40.0,72666.0,Female,North,2.0,A,0
450,2023-02-23,28.0,62865.0,,West,2.0,A,0
451,2023-04-11,53.0,56283.0,Male,East,1.0,B,0
452,2023-09-21,37.0,70089.0,,East,2.0,,1
453,2023-02-22,32.0,33526.0,Male,South,1.0,B,1
454,2023-03-01,39.0,62541.0,Female,,4.0,D,1
455,2023-04-18,43.0,80132.0,Male,East,1.0,D,0
456,2023-01-05,40.0,69888.0,Female,West,4.0,B,0
457,2023-04-13,51.0,72453.0,Male,East,2.0,C,0
458,2023-07-15,42.0,88753.0,Male,East,1.0,,1
459,2023-09-19,35.0,,Female,South,4.0,A,0
460,2023-12-31,42.0,48244.0,Male,West,4.0,C,0
461,2024-01-07,43.0,81411.0,Female,West,4.0,B,0
462,2023-12-16,24.0,81080.0,Male,West,2.0,B,0
463,2023-02-16,51.0,70049.0,,South,2.0,A,1
464,2023-12-21,35.0,57113.0,Male,West,2.0,B,1
465,2023-11-07,35.0,60025.0,Male,West,2.0,A,0
466,2023-11-04,46.0,37018.0,Male,East,2.0,B,1
467,2023-05-24,46.0,80033.0,Male,,5.0,A,1
468,2023-09-26,30.0,79398.0,Male,,1.0,A,1
469,2024-01-05,47.0,36390.0,Male,North,1.0,A,1
470,2023-05-04,32.0,75617.0,Male,North,5.0,A,0
471,2023-04-16,58.0,67274.0,Male,West,3.0,D,1
472,2023-06-07,29.0,41604.0,Female,North,2.0,A,1
473,2023-05-27,41.0,38292.0,Female,South,4.0,A,0
474,2023-05-25,29.0,66723.0,Male,East,2.0,B,0
475,2023-04-30,62.0,52841.0,Female,,3.0,B,0
476,2023-11-15,24.0,92759.0,Female,East,3.0,A,1
477,2023-10-02,44.0,77147.0,Male,North,4.0,A,0
478,2023-04-02,,68526.0,Female,North,4.0,D,0
479,2023-02-27,34.0,69415.0,Male,,2.0,C,0
480,2023-12-12,43.0,83956.0,Female,North,2.0,,0
481,2023-08-17,,75237.0,Male,North,,B,0
482,2023-04-27,56.0,68996.0,Female,West,6.0,A,0
483,2023-11-14,21.0,42355.0,Female,West,4.0,A,0
484,2023-10-06,41.0,115115.0,Male,East,3.0,B,1
485,2023-05-07,54.0,40143.0,Male,North,2.0,D,1
486,2024-01-28,19.0,54374.0,Other,East,2.0,A,0
487,2024-01-31,41.0,30215.0,Male,East,2.0,C,0
488,2023-05-09,38.0,69698.0,Female,South,5.0,,0
489,2023-02-27,,,Female,North,1.0,A,0
490,2023-05-02,30.0,73775.0,Female,North,3.0,A,0
491,2023-01-01,22.0,28697.0,,South,1.0,A,0
492,2023-08-27,17.0,80032.0,Female,East,1.0,D,0
493,2023-10-17,49.0,45466.0,Female,North,7.0,B,0
494,2023-04-06,50.0,57318.0,Male,East,6.0,A,0
495,2023-05-06,41.0,76768.0,Male,South,1.0,D,0
496,2023-04-28,32.0,64703.0,Male,West,5.0,D,0
497,2023-02-17,20.0,65975.0,Other,East,3.0,C,0
498,2023-03-30,,74385.0,Female,,2.0,D,0
499,2023-08-25,26.0,67718.0,Male,West,,A,1
500,2024-01-08,30.0,53860.0,Female,East,3.0,C,1
501,2024-01-20,32.0,57004.0,Female,East,4.0,,0
502,2023-09-29,36.0,63814.0,Male,,6.0,D,0
503,07/08/2023,30.0,43880.0,Female,,3.0,C,0
504,2023-07-11,38.0,,Male,West,3.0,,1
505,2023-03-10,,65196.0,,North,5.0,,0
506,2023-10-05,46.0,61346.0,,North,0.0,A,0
507,2023-12-15,49.0,81465.0,Female,East,5.0,A,0
508,2023-09-04,39.0,57838.0,Female,East,2.0,A,1
509,2023-03-17,43.0,56716.0,Male,South,1.0,,0
510,2023-06-03,61.0,51277.0,Other,,,A,0
511,2023-05-24,25.0,66175.0,Female,East,4.0,B,1
512,2023-03-27,24.0,65552.0,,,,B,0
513,2023-07-04,46.0,48007.0,Male,West,2.0,D,0
514,2023-10-12,59.0,56802.0,Female,North,2.0,A,0
515,2023-08-08,35.0,,Male,West,4.0,C,0
516,2023-03-10,57.0,47312.0,Male,South,4.0,D,0
517,2023-02-16,39.0,28862.0,Male,East,3.0,B,1
518,2023-04-04,31.0,55844.0,Male,East,1.0,B,1
519,2023-08-26,27.0,29360.0,Female,East,1.0,C,1
520,2023-07-23,45.0,51669.0,Male,North,1.0,D,1
521,2024-02-04,28.0,48971.0,Male,West,,C,0
522,2023-08-06,39.0,78934.0,Male,South,,A,1
523,2023-12-07,55.0,41731.0,Male,North,3.0,D,0
524,2023-02-08,35.0,46299.0,Female,East,4.0,B,0
525,2023-04-10,52.0,53133.0,Male,South,3.0,B,0
526,2023-10-16,25.0,49557.0,Other,East,3.0,,0
527,2023-09-11,32.0,84647.0,Female,East,3.0,A,0
528,2023-08-10,23.0,39506.0,Male,North,0.0,C,0
529,2023-12-23,39.0,53171.0,Female,East,6.0,B,1
530,2023-01-23,,65977.0,Male,South,4.0,D,1
531,2023-09-07,39.0,75861.0,Female,East,1.0,A,0
532,2023-01-10,51.0,53156.0,Other,West,6.0,B,1
533,2023-09-03,30.0,25474.0,Male,East,1.0,,0
534,2023-11-21,40.0,57298.0,Male,North,3.0,A,0
535,2023-04-10,32.0,,Female,South,6.0,A,0
536,2023-10-17,42.0,65079.0,Male,North,3.0,D,1
537,2023-06-29,44.0,64256.0,Male,West,1.0,A,0
538,2023-08-11,44.0,40866.0,Male,East,4.0,D,1
539,2024-01-29,,39018.0,Male,North,1.0,A,0
540,2023-09-07,28.0,60325.0,Female,North,4.0,B,1
541,2023-05-27,30.0,34325.0,Male,North,5.0,C,0
542,2023-04-06,35.0,74065.0,Male,North,1.0,C,1
543,2023-09-14,39.0,44760.0,Female,,2.0,B,1
544,11/21/2023,46.0,59556.0,Male,West,5.0,B,0
545,2023-01-04,29.0,26056.0,Male,East,,C,1
546,2023-01-16,20.0,52912.0,Female,East,5.0,A,0
547,2023-10-07,62.0,38655.0,Male,South,4.0,B,1
548,2023-12-02,,18205.0,Female,West,4.0,A,1
549,2023-09-04,47.0,69753.0,Female,North,4.0,B,0
550,2023-09-15,,89541.0,Male,North,3.0,A,1
551,2024-01-19,41.0,80331.0,Female,South,2.0,A,0
552,2023-06-09,38.0,72270.0,Male,North,2.0,B,0
553,2023-12-06,34.0,52546.0,Male,South,7.0,A,1
554,2023-06-01,43.0,74506.0,Female,East,4.0,A,1
555,2024-01-31,33.0,,Female,West,3.0,C,0
556,2023-06-27,51.0,62463.0,Male,South,1.0,B,0
557,2023-06-12,44.0,38682.0,Female,North,1.0,,1
558,2024-01-15,45.0,51011.0,Female,South,2.0,C,0
559,2023-02-02,32.0,90649.0,Other,East,2.0,A,0
560,2023-06-28,35.0,58655.0,Female,North,4.0,B,1
561,2023-04-11,25.0,154.0,Male,,3.0,A,1
562,2023-09-25,34.0,33559.0,Male,East,4.0,C,1
563,2023-11-19,27.0,52360.0,Female,South,6.0,D,0
564,2023-03-06,52.0,78645.0,Male,East,2.0,B,0
565,2023-06-17,39.0,55084.0,Female,North,5.0,C,0
566,2023-11-26,40.0,78980.0,Male,East,1.0,A,0
567,2023-02-12,,50529.0,Male,East,4.0,B,0
568,2023-02-13,40.0,24643.0,Male,South,2.0,D,1
569,2023-10-12,65.0,51152.0,,East,5.0,A,1
570,2024-02-01,,66209.0,Male,West,2.0,A,0
571,2023-01-12,31.0,64715.0,,South,4.0,B,0
572,2023-04-05,44.0,37408.0,Male,South,2.0,C,1
573,2023-10-29,10.0,53678.0,Male,North,6.0,B,0
574,2024-01-21,39.0,108324.0,Male,North,2.0,D,0
575,2023-09-10,34.0,37801.0,Female,North,0.0,A,1
576,2023-08-30,27.0,71893.0,Male,North,2.0,B,1
577,2023-02-04,44.0,22260.0,Male,West,3.0,C,0
578,2023-08-03,39.0,75548.0,Male,South,2.0,A,0
579,2023-12-03,18.0,43938.0,Male,East,4.0,C,0
580,2023-03-31,31.0,67238.0,Other,North,,A,0
581,2023-09-21,6.0,36753.0,Female,North,2.0,A,1
582,2023-04-03,41.0,65235.0,Male,North,4.0,A,1
583,2023-03-31,41.0,,Female,East,1.0,D,1
584,2023-04-25,29.0,47129.0,Female,North,1.0,B,0
585,2023-04-15,44.0,67956.0,Male,East,4.0,,0
586,2024-01-26,24.0,52253.0,,South,3.0,,1
587,2023-07-15,27.0,66847.0,Female,South,8.0,B,1
588,2023-11-10,43.0,56565.0,Male,South,1.0,B,0
589,2023-04-24,30.0,61215.0,Male,West,4.0,D,0
590,2023-03-16,37.0,68012.0,Other,East,,C,0
591,2024-01-11,32.0,53700.0,Female,North,2.0,C,0
592,2023-08-05,33.0,42071.0,Male,North,3.0,A,0
593,2023-10-04,34.0,50418.0,Male,North,4.0,B,0
594,2023-09-06,30.0,81513.0,Male,North,3.0,B,0
595,2023-06-13,41.0,,Female,West,4.0,D,0
596,2024-01-29,31.0,44792.0,Female,North,5.0,A,0
597,23-Dec-2023,,67228.0,Other,West,5.0,A,1
598,2023-07-11,30.0,68430.0,Male,East,2.0,B,1
599,2023-08-15,21.0,69360.0,Female,South,5.0,A,0
600,2023-06-26,48.0,42399.0,Female,North,3.0,A,0
601,2023-04-09,43.0,47717.0,Male,South,5.0,D,0
602,2023-02-05,63.0,47817.0,Male,East,3.0,B,0
603,2023-04-06,27.0,53508.0,Other,East,6.0,,0
604,2023-06-01,36.0,69701.0,Female,North,1.0,C,0
605,2023-05-31,37.0,65331.0,Female,East,1.0,A,0
606,2023-07-09,49.0,66754.0,Female,South,4.0,B,1
607,2023-08-12,32.0,84372.0,Male,North,3.0,A,0
608,2023-02-06,25.0,72400.0,Female,West,7.0,D,0
609,2023-09-25,51.0,57448.0,Female,North,2.0,B,0
610,2024-01-04,35.0,38690.0,Female,South,0.0,B,1
611,2023-07-02,48.0,47138.0,,North,2.0,A,1
612,2023-01-13,46.0,,Female,North,,B,0
613,2023-10-06,38.0,74924.0,Male,South,2.0,A,0
614,2023-08-05,36.0,59508.0,Female,North,3.0,B,0
615,2023-12-21,34.0,48188.0,Male,North,,C,0
616,2023-12-27,38.0,46808.0,Male,South,1.0,C,0
617,2023-10-13,47.0,58748.0,Male,,4.0,A,0
618,2023-09-30,29.0,76020.0,Male,South,4.0,B,1
619,2024-01-04,39.0,88638.0,Female,North,4.0,D,0
620,2023-03-03,26.0,56296.0,Female,West,3.0,A,0
621,2023-03-25,,59195.0,Female,West,2.0,D,0
622,2024-01-03,38.0,38149.0,Female,South,2.0,A,0
623,2023-08-05,16.0,94905.0,Male,West,2.0,C,0
624,2023-12-08,61.0,34782.0,Female,North,0.0,B,0
625,2024-02-01,25.0,81090.0,Male,North,4.0,B,1
626,2023-07-06,,53424.0,Male,South,2.0,D,0
627,2023-01-19,51.0,49211.0,,North,4.0,A,1
628,2023-06-26,29.0,40020.0,Male,East,2.0,A,1
629,2023-04-10,13.0,,Male,North,7.0,B,0
630,2024-01-31,33.0,63987.0,Female,South,5.0,C,1
631,2023-08-21,28.0,60383.0,Female,East,,A,0
632,2023-03-17,13.0,75961.0,Male,East,1.0,C,0
633,2023-09-22,41.0,48285.0,Other,West,4.0,B,0
634,2023-10-11,40.0,60033.0,Female,,1.0,A,0
635,2023-07-25,51.0,,Female,South,,C,0
636,2023-08-11,26.0,50781.0,Male,West,2.0,A,0
637,2024-01-19,20.0,81593.0,Female,West,,B,0
638,2023-02-21,34.0,56064.0,Female,North,5.0,A,1
639,2023-12-05,37.0,32044.0,Female,North,2.0,B,0
640,2024-01-02,48.0,54573.0,Female,South,2.0,B,0
641,2023-05-24,54.0,64485.0,Male,West,2.0,B,0
642,2024-01-08,51.0,43917.0,Male,South,3.0,B,0
643,2023-03-10,41.0,45337.0,Male,West,4.0,B,0
644,2023-04-09,47.0,50167.0,Male,,1.0,A,0
645,2024-01-31,31.0,81982.0,Female,,4.0,B,0
646,2023-01-25,40.0,51231.0,Male,North,5.0,D,0
647,2024-01-14,25.0,85724.0,Other,West,1.0,D,1
648,2023-02-22,39.0,48931.0,Female,West,2.0,A,0
649,2023-05-31,39.0,65850.0,Male,West,3.0,A,1
650,2023-05-24,57.0,51968.0,,East,1.0,D,0
651,2023-02-26,35.0,73573.0,Female,North,,B,0
652,2023-02-08,,39871.0,Other,East,4.0,,1
653,2023-04-19,41.0,73371.0,,North,4.0,C,0
654,2023-06-30,33.0,62050.0,Male,South,3.0,A,0
655,2023-02-11,29.0,48480.0,Female,East,5.0,,0
656,2023-07-05,,57008.0,,South,1.0,D,1
657,2024-02-02,27.0,87609.0,Male,West,4.0,C,0
658,2023-08-11,23.0,62481.0,Female,South,2.0,A,0
659,2023-05-02,45.0,47351.0,Male,South,1.0,A,0
660,2023-05-13,51.0,38316.0,Male,South,,A,0
661,2023-06-12,33.0,69097.0,Male,South,3.0,C,0
662,2023-08-03,33.0,63525.0,Male,North,2.0,A,0
663,2023-08-09,41.0,72510.0,Male,East,2.0,A,0
664,2023-08-23,30.0,33680.0,Female,North,1.0,D,1
665,2023-11-27,29.0,38899.0,Male,North,2.0,A,1
666,2023-05-26,48.0,80644.0,Male,North,4.0,A,1
667,2023-08-27,45.0,65964.0,Male,South,4.0,A,0
668,2023-03-17,52.0,69601.0,Other,North,6.0,A,0
669,2023-01-09,24.0,42672.0,Male,East,1.0,B,0
670,2023-03-15,32.0,42342.0,Male,North,4.0,D,0
671,2023-09-10,41.0,77843.0,Female,West,0.0,D,0
672,2023-08-18,28.0,78691.0,Other,South,2.0,B,0
673,2023-01-07,45.0,40410.0,,,2.0,B,1
674,2023-06-23,,36971.0,Female,East,2.0,B,1
675,2023-05-21,32.0,58045.0,,East,1.0,A,0
676,2023-06-17,38.0,45612.0,Female,East,3.0,A,0
677,06/19/2023,,45237.0,Male,East,5.0,,0
678,2024-01-28,58.0,37475.0,Female,North,1.0,A,1
679,2023-10-10,46.0,,,South,2.0,A,0
680,2023-05-02,45.0,39215.0,Female,East,,B,0
681,2023-07-13,,40283.0,Female,West,2.0,B,0
682,2023-01-05,42.0,65371.0,,East,2.0,A,1
683,2023-01-29,44.0,59006.0,Female,South,4.0,A,0
684,2023-06-14,36.0,68728.0,Male,West,2.0,B,0
685,2023-12-05,31.0,30317.0,Female,West,2.0,C,0
686,2023-05-16,24.0,60178.0,Male,West,,A,1
687,2023-12-31,19.0,97361.0,Male,North,4.0,B,0
688,2023-11-17,17.0,,Male,East,4.0,B,0
689,2023-12-08,44.0,74845.0,,North,4.0,D,0
690,2023-05-25,,,Male,West,5.0,A,1
691,2023-11-23,33.0,75574.0,Male,,2.0,,1
692,2023-08-05,34.0,63000.0,,North,0.0,B,0
693,2023-10-28,40.0,70190.0,Female,North,3.0,C,0
694,2023-05-12,36.0,72582.0,Female,East,3.0,A,1
695,2023-10-19,23.0,71438.0,Male,West,2.0,B,0
696,2023-03-11,48.0,39886.0,Male,West,3.0,A,1
697,2023-09-09,41.0,29267.0,Male,East,5.0,A,0
698,2023-10-02,41.0,32035.0,Male,North,1.0,B,0
699,2023-12-30,47.0,55137.0,Male,North,2.0,A,0
700,2023-07-01,29.0,70691.0,Female,South,4.0,C,0
701,2023-06-16,51.0,40121.0,Male,South,2.0,B,0
702,2023-04-01,36.0,76631.0,Male,,0.0,B,0
703,2023-07-21,48.0,50959.0,Male,East,5.0,B,0
704,2023-12-12,46.0,51130.0,Other,West,0.0,B,0
705,2023-01-19,27.0,44950.0,Female,South,,A,0
706,2023-02-08,44.0,26074.0,Female,West,3.0,D,0
707,2023-05-06,42.0,64128.0,Male,,2.0,D,1
708,2023-06-22,38.0,90828.0,Male,West,6.0,A,1
709,2023-05-21,37.0,58872.0,,East,5.0,A,0
710,2023-08-30,37.0,26689.0,Male,East,3.0,A,0
711,2023-08-08,47.0,74046.0,Female,East,4.0,C,1
712,2023-05-06,44.0,30754.0,Female,East,5.0,C,1
713,2023-02-27,38.0,38237.0,Female,South,2.0,C,0
714,2023-05-28,22.0,55710.0,Female,North,2.0,C,0
715,2023-11-13,43.0,62211.0,Male,North,4.0,B,1
716,2024-01-18,46.0,41844.0,Female,North,4.0,,1
717,12/27/2023,63.0,55008.0,,South,7.0,C,0
718,2023-01-01,50.0,72873.0,Male,North,6.0,B,0
719,2024-01-22,17.0,75339.0,Female,South,4.0,B,1
720,2023-12-14,39.0,82526.0,Male,South,3.0,B,0
721,2023-07-09,58.0,94370.0,Male,,5.0,B,0
722,2023-07-10,,74578.0,Male,North,2.0,B,0
723,2024-01-04,42.0,56099.0,Female,,6.0,B,0
724,2023-11-08,48.0,75468.0,Female,North,2.0,C,0
725,2023-04-27,31.0,68401.0,Male,North,,B,0
726,2023-05-14,43.0,69115.0,Female,East,3.0,B,1
727,2023-02-27,35.0,63190.0,Male,South,2.0,C,0
728,2023-02-13,38.0,43583.0,Male,,5.0,B,1
729,2023-06-22,47.0,41494.0,Female,East,3.0,A,1
730,2023-06-09,28.0,58252.0,Female,West,2.0,A,0
731,2023-06-22,52.0,62680.0,Other,West,2.0,B,0
732,2023-11-13,33.0,47770.0,Male,South,1.0,B,0
733,2023-10-30,41.0,67620.0,Female,North,4.0,D,0
734,2023-05-29,23.0,97454.0,Female,South,2.0,B,0
735,2023-03-21,,28602.0,Female,South,3.0,B,1
736,2024-01-09,54.0,70480.0,Male,East,2.0,A,1
737,2023-08-01,32.0,58812.0,,South,3.0,A,1
738,2023-07-22,26.0,68112.0,,North,2.0,C,0
739,2023-09-09,41.0,52247.0,Male,West,0.0,A,1
740,2023-08-17,54.0,,Male,South,2.0,B,0
741,2023-06-13,22.0,62331.0,Male,West,,C,0
742,2023-08-15,26.0,54571.0,Female,South,1.0,B,1
743,2023-05-27,33.0,32630.0,Female,West,2.0,D,1
744,2023-01-20,29.0,55790.0,Female,South,3.0,B,0
745,2023-02-16,29.0,34504.0,Female,East,1.0,A,0
746,2023-08-21,15.0,71757.0,Female,West,4.0,D,0
747,2023-11-01,44.0,26420.0,Male,South,1.0,D,1
748,2023-01-14,42.0,78516.0,Male,South,5.0,A,0
749,2023-05-23,19.0,67732.0,Female,East,1.0,,1
750,2023-01-01,54.0,67801.0,Male,East,1.0,A,0
751,2024-01-08,56.0,21042.0,Male,East,5.0,A,0
752,2023-02-23,30.0,54085.0,Female,West,0.0,D,0
753,2024-01-09,51.0,80764.0,Male,West,2.0,B,0
754,2023-09-16,32.0,50665.0,,East,2.0,B,0
755,2023-05-24,40.0,40595.0,Male,North,4.0,,1
756,2023-01-12,29.0,,Male,North,2.0,B,1
757,2023-11-26,62.0,58771.0,Female,South,4.0,A,0
758,2023-08-12,35.0,44675.0,Female,North,5.0,D,0
759,2023-09-29,39.0,82209.0,Female,South,2.0,C,0
760,2023-12-24,,58836.0,,West,3.0,C,1
761,2023-06-05,58.0,50000.0,Female,West,4.0,B,0
762,2024-01-08,59.0,36576.0,Female,North,5.0,C,1
763,2023-01-08,56.0,68720.0,Female,West,2.0,A,1
764,2023-05-02,,68310.0,Male,East,,B,1
765,2023-12-14,31.0,45740.0,,East,4.0,D,0
766,2023-06-13,47.0,19746.0,Female,North,2.0,,0
767,2023-03-31,38.0,67394.0,Female,North,3.0,C,0
768,2023-05-16,52.0,,Female,South,0.0,B,0
769,2023-07-05,50.0,,Male,West,7.0,A,0
770,2023-11-12,31.0,,Female,South,50.0,C,0
771,2023-06-27,48.0,59517.0,Male,South,0.0,A,1
772,2023-01-28,46.0,50751.0,Female,East,1.0,B,0
773,2023-08-08,7.0,39348.0,Male,East,1.0,A,0
774,2023-12-23,47.0,54376.0,Male,East,0.0,D,0
775,2023-02-10,33.0,62890.0,Male,East,1.0,A,0
776,2023-08-16,28.0,60960.0,Female,South,,A,0
777,2023-07-11,29.0,91022.0,Male,East,0.0,A,1
778,2023-05-25,37.0,68984.0,,West,6.0,D,0
779,2023-07-20,43.0,57574.0,Female,East,3.0,,1
780,2023-07-31,23.0,47282.0,Male,East,4.0,C,1
781,2023-08-08,40.0,64800.0,Male,East,0.0,B,0
782,2023-08-28,,43674.0,Male,North,7.0,B,0
783,2024-02-01,58.0,63237.0,Female,West,4.0,A,1
784,2023-02-15,26.0,68773.0,Female,West,0.0,B,0
785,2023-02-04,34.0,481828.0,Male,South,2.0,A,0
786,2023-09-10,41.0,48655.0,Male,South,8.0,D,0
787,2024-01-25,51.0,20665.0,,East,3.0,C,0
788,2023-03-23,35.0,80589.0,Female,North,2.0,B,0
789,2024-01-06,51.0,67259.0,Female,South,3.0,A,0
790,2023-09-13,,67697.0,Female,South,4.0,C,0
791,2023-07-16,24.0,,Male,East,1.0,A,0
792,2023-10-30,42.0,84837.0,Male,,5.0,A,0
793,2023-01-10,22.0,51626.0,Male,South,1.0,A,0
794,2023-11-08,25.0,,Male,South,5.0,B,1
795,2023-10-13,,40753.0,Male,West,2.0,C,1
796,2023-08-30,46.0,27835.0,Male,North,1.0,A,1
797,2023-09-08,17.0,80832.0,Male,West,0.0,A,0
798,2023-12-31,40.0,83159.0,Female,South,2.0,,0
799,2023-01-05,49.0,57020.0,Female,West,1.0,C,1
800,2023-04-29,36.0,47771.0,Female,West,2.0,A,0
801,2023-10-16,34.0,53213.0,Female,South,0.0,A,0
802,2024-01-09,42.0,53707.0,Male,East,3.0,D,0
803,2023-03-06,36.0,38403.0,Female,South,6.0,D,0
804,2023-05-26,53.0,54739.0,Male,East,2.0,D,1
805,2023-08-12,26.0,,Female,South,0.0,C,1
806,2023-08-27,37.0,78327.0,Male,South,2.0,A,0
807,2023-06-26,40.0,60256.0,Other,South,,A,0
808,2023-09-24,34.0,31626.0,Male,North,6.0,A,0
809,2023-12-07,6.0,66364.0,Male,East,4.0,A,1
810,2023-10-09,36.0,55393.0,Female,North,1.0,D,1
811,2023-03-04,48.0,84667.0,Male,South,2.0,C,0
812,2023-08-05,47.0,85730.0,Female,West,5.0,C,0
813,08-Dec-2023,42.0,86360.0,Female,,2.0,A,0
814,2023-11-11,26.0,49891.0,Female,East,3.0,D,0
815,2023-10-10,42.0,95817.0,,South,2.0,C,0
816,2023-06-26,32.0,66317.0,Other,,1.0,A,0
817,2023-04-08,42.0,89275.0,Male,West,5.0,D,0
818,2023-04-15,39.0,50953.0,Female,North,3.0,A,0
819,2023-04-09,27.0,54625.0,Female,East,3.0,A,0
820,2024-01-20,,64932.0,,North,2.0,C,0
821,2023-11-07,42.0,62734.0,Male,West,5.0,C,0
822,2023-01-06,36.0,82587.0,Female,West,2.0,A,1
823,2023-07-16,29.0,55822.0,Other,East,2.0,A,0
824,2023-12-17,28.0,80963.0,Female,West,2.0,D,0
825,2023-05-13,35.0,73180.0,Male,South,0.0,C,1
826,2023-12-24,55.0,56159.0,Male,West,3.0,C,0
827,2023-09-16,32.0,71784.0,Male,South,5.0,A,1
828,2023-01-23,38.0,51481.0,Female,North,2.0,A,0
829,2023-02-22,,102304.0,,South,2.0,A,0
830,2023-06-14,26.0,,Male,South,4.0,A,1
831,2023-07-21,19.0,72113.0,Male,North,5.0,A,0
832,2023-03-24,27.0,28237.0,Male,West,4.0,A,0
833,2023-05-25,41.0,55938.0,Male,South,2.0,,0
834,2023-03-26,39.0,58459.0,Female,West,2.0,A,0
835,2023-03-19,46.0,87137.0,Female,North,2.0,C,0
836,2024-01-01,39.0,47541.0,Male,,2.0,A,0
837,2023-01-01,37.0,83544.0,Female,West,2.0,B,0
838,2023-02-20,31.0,38781.0,Male,West,3.0,A,1
839,2023-06-22,48.0,84240.0,Other,East,5.0,B,0
840,2023-07-24,28.0,51462.0,Male,East,3.0,A,1
841,2023-09-17,26.0,61322.0,Male,North,3.0,D,0
842,2024-01-04,44.0,53945.0,Male,West,5.0,C,0
843,2023-10-15,23.0,83083.0,Female,West,4.0,B,1
844,2023-02-03,65.0,79579.0,Female,,1.0,A,0
845,2023-12-14,39.0,67983.0,Female,,2.0,B,1
846,2023-04-05,42.0,39266.0,Male,South,1.0,C,0
847,2023-03-13,29.0,47130.0,Male,South,5.0,A,0
848,2023-02-08,35.0,41486.0,Male,South,0.0,B,0
849,2023-06-03,33.0,19533.0,Female,West,,C,0
850,2023-09-07,32.0,,Male,South,4.0,C,0
851,2023-06-11,45.0,54099.0,Female,South,3.0,C,0
852,2023-04-28,33.0,53907.0,Female,North,3.0,D,0
853,2023-09-16,49.0,86930.0,,North,3.0,,0
854,2024-01-14,67.0,51432.0,Male,East,1.0,B,0
855,2023-11-02,35.0,44872.0,Male,East,1.0,B,0
856,2023-09-25,,55955.0,Male,East,2.0,C,0
857,2023-02-23,42.0,39612.0,Female,East,3.0,C,1
858,2023-08-24,58.0,66198.0,Female,North,,D,0
859,2024-01-24,37.0,53274.0,Male,North,3.0,A,0
860,2023-08-10,29.0,50869.0,Male,North,4.0,,1
861,2023-09-08,24.0,,Female,South,,A,0
862,2023-11-09,37.0,58088.0,Female,South,2.0,,0
863,2023-04-22,33.0,61503.0,Male,East,2.0,A,0
864,2023-09-12,,50640.0,Female,South,3.0,C,0
865,2023-10-30,57.0,53542.0,Male,West,2.0,A,0
866,2023-07-26,27.0,58533.0,Male,North,4.0,C,0
867,2023-08-17,30.0,56716.0,Female,East,5.0,C,0
868,2023-12-07,39.0,60559.0,Female,East,4.0,A,0
869,2024-02-02,53.0,47820.0,Female,West,4.0,A,1
870,2023-03-07,39.0,78083.0,Male,South,5.0,B,0
871,2023-03-16,31.0,,Female,East,2.0,C,0
872,2023-04-13,37.0,50931.0,Male,South,5.0,D,0
873,2023-07-11,31.0,66199.0,Male,South,1.0,D,1
874,2023-09-09,,58661.0,Female,West,2.0,D,1
875,2023-08-14,30.0,28791.0,Male,,3.0,B,1
876,2023-10-21,32.0,66137.0,Female,South,3.0,D,1
877,2023-11-02,51.0,41649.0,Female,South,3.0,C,0
878,2023-04-08,30.0,76820.0,Male,,2.0,D,0
879,2023-12-04,22.0,55649.0,Male,West,5.0,A,0
880,2023-10-13,39.0,74041.0,Male,South,3.0,D,0
881,2023-12-01,34.0,48656.0,Male,West,,B,0
882,2023-12-13,44.0,61259.0,Female,South,3.0,C,0
883,2023-11-04,41.0,81784.0,Female,East,6.0,A,0
884,2023-09-06,38.0,55158.0,Male,North,8.0,B,0
885,2023-06-15,37.0,,Male,West,3.0,A,0
886,2023-12-01,30.0,71791.0,Female,North,0.0,A,0
887,2023-01-30,39.0,71442.0,Female,South,5.0,A,1
888,2023-09-04,48.0,50123.0,Male,South,3.0,C,0
889,2023-04-16,27.0,24262.0,Male,South,4.0,A,0
890,2023-02-20,38.0,49020.0,Female,North,3.0,A,0
891,2023-03-22,49.0,72192.0,Male,South,2.0,A,0
892,2023-05-13,44.0,46049.0,Male,West,3.0,B,0
893,2023-10-12,52.0,59803.0,Female,East,1.0,A,1
894,23-Jan-2024,,48165.0,Female,East,3.0,A,0
895,2023-05-18,18.0,25221.0,Female,West,0.0,B,1
896,2023-07-03,40.0,47841.0,Female,East,1.0,C,0
897,2023-11-26,42.0,72116.0,Female,North,3.0,A,0
898,2023-09-30,53.0,17335.0,Male,South,1.0,A,1
899,2023-12-06,51.0,64539.0,Male,South,0.0,A,0
900,2023-03-10,44.0,38651.0,Male,South,0.0,D,1
901,2023-02-03,46.0,70952.0,Male,North,4.0,,1
902,2023-09-19,36.0,72858.0,Female,North,3.0,B,0
903,2023-02-22,25.0,56905.0,Female,North,4.0,A,1
904,2023-07-24,39.0,56946.0,Other,West,7.0,B,0
905,2023-05-06,49.0,45485.0,Female,North,,A,1
906,2023-08-23,45.0,35779.0,Male,East,1.0,A,1
907,2023-02-12,47.0,90566.0,Male,West,3.0,B,0
908,2023-08-28,33.0,44429.0,Female,West,3.0,B,0
909,2024-01-06,35.0,88220.0,Female,West,2.0,A,1
910,2023-04-21,43.0,44529.0,Female,North,7.0,C,0
911,2023-09-06,32.0,69453.0,Female,West,2.0,D,0
912,2023-05-31,32.0,39519.0,Female,North,4.0,B,0
913,2023-07-02,41.0,69421.0,Female,North,3.0,,1
914,2023-12-02,46.0,54139.0,Male,,2.0,D,0
915,2023-04-05,36.0,54375.0,,South,0.0,C,0
916,2024-01-09,25.0,70980.0,,South,7.0,B,1
917,2024-02-04,30.0,51555.0,Male,West,5.0,C,0
918,2023-01-08,40.0,34293.0,Female,South,5.0,A,0
919,2024-01-23,40.0,73704.0,Male,East,1.0,B,0
920,2023-12-26,41.0,39374.0,Female,East,4.0,A,0
921,2024-01-23,44.0,69297.0,Male,North,4.0,A,0
922,2023-07-03,38.0,77514.0,Female,South,2.0,B,0
923,2023-10-08,41.0,,Male,East,1.0,A,0
924,2023-07-14,38.0,81282.0,Female,West,4.0,C,0
925,2023-12-18,51.0,68672.0,Male,South,5.0,,0
926,2023-07-14,54.0,,Male,East,5.0,B,0
927,2023-06-04,25.0,85226.0,Female,East,2.0,A,0
928,2023-04-03,35.0,39450.0,Female,West,6.0,A,0
929,2023-06-09,38.0,53219.0,Male,,,B,1
930,2023-03-02,35.0,,Male,West,4.0,D,0
931,2023-05-02,58.0,70894.0,Female,North,4.0,A,0
932,2023-02-20,,80078.0,Female,East,2.0,A,0
933,2023-10-04,29.0,78950.0,Female,North,10.0,D,0
934,2023-01-05,45.0,,Male,East,4.0,A,0
935,2023-04-02,41.0,54955.0,Female,East,3.0,D,1
936,2023-06-19,41.0,27132.0,,South,0.0,B,0
937,2023-11-13,58.0,36345.0,Male,North,2.0,B,1
938,2023-01-22,,91800.0,Female,North,2.0,A,0
939,2023-11-22,35.0,26951.0,Female,North,50.0,,1
940,2023-01-01,16.0,45879.0,Female,West,4.0,A,1
941,2023-05-13,36.0,80603.0,Male,South,4.0,D,0
942,2023-08-21,52.0,63775.0,Male,South,2.0,C,0
943,2023-01-12,37.0,76705.0,Male,South,,C,0
944,2023-12-12,13.0,69771.0,Other,West,,C,0
945,2023-02-15,33.0,86452.0,Male,North,2.0,A,1
946,2023-02-03,49.0,65318.0,Male,North,,B,1
947,2023-03-19,44.0,71942.0,Male,North,4.0,B,0
948,2023-08-06,29.0,46964.0,Female,South,5.0,C,0
949,2023-10-28,32.0,70554.0,Male,South,2.0,A,0
950,2023-03-14,33.0,52870.0,,East,,B,1
951,2023-10-09,31.0,51844.0,Male,West,4.0,D,0
952,2023-09-06,16.0,76105.0,Female,West,3.0,B,0
953,2023-02-16,46.0,76229.0,Male,South,4.0,A,0
954,2023-05-01,52.0,90392.0,Female,East,3.0,B,1
955,2023-08-02,21.0,89219.0,Female,North,2.0,A,0
956,2023-08-27,52.0,76512.0,Male,South,,C,1
957,2023-02-25,37.0,,Other,West,0.0,D,1
958,2023-12-16,,92898.0,Male,West,4.0,B,0
959,2023-04-17,38.0,76523.0,Female,West,3.0,B,0
960,2023-11-15,39.0,46215.0,Female,North,1.0,C,0
961,2023-02-17,42.0,73120.0,Male,West,4.0,,0
962,2023-03-02,29.0,41329.0,Male,North,4.0,A,0
963,2023-12-03,51.0,71135.0,Male,North,3.0,D,0
964,2023-01-26,26.0,36307.0,Male,North,0.0,C,0
965,2023-10-19,,45452.0,,South,3.0,A,0
966,2023-09-14,44.0,72779.0,Male,North,5.0,A,1
967,2023-01-08,32.0,79312.0,Male,East,1.0,C,1
968,2023-04-23,47.0,65858.0,Female,West,5.0,C,0
969,2023-12-21,53.0,,,South,2.0,C,0
970,2023-09-10,49.0,21932.0,Male,West,2.0,A,1
971,2023-06-29,17.0,56238.0,Female,North,2.0,D,0
972,2023-07-26,39.0,69603.0,Male,South,3.0,,0
973,2023-10-30,49.0,54298.0,Male,East,,C,0
974,2023-05-07,24.0,59594.0,Male,North,5.0,B,1
975,2023-02-25,46.0,56659.0,,West,2.0,A,0
976,2023-08-02,45.0,54209.0,Female,,3.0,,0
977,2023-01-14,,61366.0,Male,North,0.0,A,0
978,2023-01-28,47.0,55091.0,Female,East,4.0,A,1
979,2023-03-19,41.0,85979.0,Female,North,2.0,C,1
980,2023-08-04,45.0,20284.0,Female,South,8.0,B,1
981,2024-01-21,27.0,,Female,North,5.0,,0
982,2023-12-31,,44335.0,Female,South,4.0,B,0
983,2023-06-03,,63944.0,Male,North,3.0,B,0
984,2023-01-14,13.0,61389.0,Male,North,3.0,D,0
985,2023-07-06,40.0,89199.0,Male,West,1.0,A,1
986,2023-11-08,50.0,95121.0,Female,East,1.0,D,0
987,2024-01-06,41.0,46084.0,Female,East,3.0,A,1
988,2023-01-07,37.0,60009.0,Female,East,4.0,C,0
989,2023-01-03,36.0,63533.0,Other,North,2.0,A,0
990,2023-04-21,28.0,45639.0,Male,North,2.0,B,0
991,2023-08-26,36.0,71311.0,Female,North,4.0,D,1
992,2023-12-29,43.0,55689.0,,South,2.0,B,1
993,2023-08-27,33.0,40783.0,Other,South,3.0,C,0
994,2023-10-01,46.0,54968.0,,West,2.0,C,0
995,2023-10-21,40.0,42042.0,Female,North,1.0,C,1
996,2023-08-15,41.0,78660.0,Male,East,4.0,D,0
997,2024-01-06,48.0,94228.0,Female,East,3.0,B,0
998,2023-01-15,32.0,64407.0,Male,West,2.0,A,0
999,2023-07-11,45.0,62003.0,Female,East,4.0,A,1
1000,2023-04-29,34.0,62744.0,Female,,2.0,A,0
1001,2023-01-28,42.0,81280.0,Male,North,3.0,A,0
1002,2023-07-21,31.0,,Female,East,0.0,B,0
1003,2023-02-08,28.0,57918.0,Male,North,4.0,A,0
1004,2023-09-30,39.0,64547.0,Male,South,4.0,A,1
1005,2023-08-19,17.0,71748.0,Male,East,3.0,A,1
1006,2023-03-27,35.0,39522.0,Female,South,0.0,C,1
1007,2023-05-06,20.0,81827.0,Female,East,0.0,B,0
1008,2023-10-27,47.0,91227.0,Female,North,3.0,B,0
1009,2023-01-25,50.0,80971.0,Male,,2.0,D,0
1010,2023-05-25,,37579.0,Female,North,3.0,A,1
1011,2023-01-13,43.0,24540.0,Female,North,2.0,D,1
1012,2023-07-31,48.0,72757.0,Male,North,6.0,B,1
1013,2023-01-25,,46317.0,Male,East,4.0,A,0
1014,2023-03-09,40.0,65168.0,Male,West,3.0,C,1
1015,2024-01-29,46.0,87633.0,Female,South,4.0,C,1
1016,2023-03-08,31.0,48175.0,Female,North,,B,0
1017,2023-08-21,39.0,53204.0,Female,East,3.0,D,0
1018,2023-04-19,33.0,64981.0,Male,South,0.0,A,0
1019,2023-05-26,30.0,36645.0,,North,,A,1
1020,2023-04-21,38.0,46359.0,Male,South,7.0,A,0
1021,2023-08-16,42.0,60447.0,Male,North,5.0,A,0
1022,21-Apr-2023,51.0,54592.0,Female,South,2.0,A,1
1023,2023-02-03,41.0,70951.0,Male,South,6.0,D,1
1024,2023-04-21,45.0,109788.0,Female,West,6.0,A,0
1025,2023-09-21,45.0,61784.0,Male,West,2.0,B,0
1026,2024-01-04,68.0,44849.0,Female,North,4.0,,1
1027,2023-08-24,18.0,85528.0,Male,East,2.0,D,0
1028,2023-03-24,30.0,31401.0,Female,West,1.0,D,0
1029,2023-02-11,54.0,35000.0,Male,South,5.0,C,1
1030,2023-04-11,34.0,49288.0,Male,West,7.0,D,0
1031,2023-01-06,,54908.0,Female,West,0.0,C,0
1032,2023-06-29,41.0,48857.0,Male,North,2.0,D,0
1033,2023-10-09,61.0,59433.0,,West,,C,0
1034,2023-11-16,26.0,64945.0,Other,West,4.0,A,1
1035,2023-08-14,51.0,79241.0,Male,South,5.0,B,1
1036,2023-11-11,57.0,61641.0,Male,,,B,0
1037,2023-12-31,27.0,49885.0,Female,South,1.0,B,0
1038,2023-08-17,47.0,78264.0,Other,West,3.0,A,0
1039,2024-01-12,27.0,45281.0,Female,West,2.0,B,0
1040,2023-10-16,38.0,30613.0,Female,East,3.0,D,0
1041,2023-05-30,35.0,81707.0,Female,West,3.0,A,0
1042,2023-10-04,12.0,80553.0,Male,,5.0,,0
1043,2023-07-17,43.0,481828.0,Other,South,4.0,C,0
1044,2023-03-11,40.0,52816.0,,North,2.0,,0
1045,2023-04-22,54.0,43495.0,Male,North,7.0,D,1
1046,2023-01-04,45.0,65879.0,Male,East,3.0,C,0
1047,2023-12-16,63.0,91177.0,Male,South,3.0,B,0
1048,2023-11-27,39.0,72652.0,,South,0.0,A,1
1049,2023-11-14,37.0,78643.0,,South,6.0,B,0
1050,2023-12-16,36.0,74755.0,Male,,3.0,C,0
1051,2023-04-05,33.0,59998.0,Male,South,0.0,D,0
1052,2023-06-01,14.0,79500.0,Male,North,6.0,C,1
1053,2023-11-07,36.0,73411.0,Other,East,3.0,A,0
1054,2023-05-17,15.0,,Female,North,6.0,B,1
1055,2023-09-04,43.0,51728.0,Male,North,1.0,A,0
1056,2024-01-22,24.0,28714.0,,East,5.0,A,1
1057,2023-08-31,28.0,78815.0,Other,West,4.0,A,0
1058,2023-01-31,31.0,66296.0,Female,West,4.0,A,0
1059,2023-02-09,36.0,54671.0,Male,North,4.0,C,0
1060,2023-08-17,38.0,55677.0,Male,West,1.0,A,0
1061,2023-02-05,50.0,105984.0,Male,South,1.0,A,0
1062,2023-08-11,32.0,48440.0,Male,East,9.0,D,1
1063,2023-01-06,43.0,44641.0,Female,North,6.0,B,1
1064,2023-11-18,68.0,61535.0,Female,South,4.0,A,1
1065,2023-08-08,42.0,81249.0,,,2.0,A,1
1066,2023-03-16,36.0,101011.0,Female,South,3.0,A,0
1067,2023-01-04,29.0,71833.0,Male,West,4.0,,0
1068,2023-12-01,36.0,37133.0,Female,North,4.0,A,1
1069,2023-05-14,28.0,95476.0,Female,South,,B,0
1070,2023-04-28,41.0,59650.0,Male,,,A,0
1071,2024-01-04,39.0,44921.0,Male,North,4.0,B,1
1072,2023-04-04,14.0,40571.0,Female,South,1.0,D,1
1073,2023-03-03,38.0,75054.0,Male,South,4.0,B,0
1074,2023-07-13,50.0,,Male,West,5.0,D,0
1075,2023-12-01,34.0,66211.0,Female,North,2.0,B,0
1076,2023-07-22,31.0,83157.0,Other,North,4.0,B,0
1077,2024-01-27,23.0,45561.0,Male,North,2.0,C,1
1078,2023-01-26,18.0,84591.0,Female,North,3.0,,0
1079,2023-06-22,47.0,50655.0,Male,West,4.0,A,0
1080,2023-10-27,36.0,98952.0,Female,East,4.0,C,0
1081,2023-05-13,46.0,70777.0,,North,3.0,B,0
1082,2023-11-22,55.0,43436.0,Female,West,5.0,C,0
1083,2023-04-28,48.0,23542.0,Male,East,3.0,D,0
1084,2023-11-20,32.0,74561.0,Female,East,2.0,,0
1085,2023-10-02,40.0,53265.0,Female,West,1.0,B,1
1086,2023-07-31,31.0,57200.0,Male,North,4.0,,0
1087,2023-08-13,30.0,73792.0,Male,East,2.0,,0
1088,2023-01-20,42.0,78187.0,,North,4.0,C,0
1089,2023-04-23,29.0,,Male,North,5.0,D,0
1090,2023-05-20,14.0,38853.0,Female,South,0.0,A,0
1091,2023-02-16,28.0,85666.0,Male,North,2.0,C,1
1092,2023-01-01,35.0,49577.0,Male,South,2.0,A,1
1093,2023-03-31,55.0,19388.0,Female,East,2.0,A,0
1094,2023-05-22,33.0,38788.0,Male,West,1.0,D,1
1095,2023-11-16,44.0,63924.0,Female,South,2.0,A,1
1096,2023-02-07,36.0,42381.0,Male,West,2.0,D,0
1097,2023-10-20,51.0,58415.0,Female,East,7.0,A,0
1098,2024-01-17,51.0,66089.0,,North,2.0,C,1
1099,2023-05-19,51.0,56735.0,Female,East,3.0,A,1
1100,2023-12-22,19.0,51102.0,Male,West,1.0,,0
1101,2023-11-29,40.0,37487.0,Female,East,4.0,A,1
1102,2023-09-16,46.0,60395.0,Male,North,2.0,B,0
1103,2023-06-10,42.0,22831.0,Male,East,3.0,A,1
1104,2024-01-25,45.0,47652.0,Male,North,5.0,C,0
1105,2023-06-27,39.0,,Female,South,,A,0
1106,2023-01-10,30.0,55691.0,,,3.0,A,0
1107,09/18/2023,19.0,56160.0,Female,North,3.0,A,0
1108,2023-05-18,,77279.0,Male,North,4.0,B,0
1109,2023-06-21,67.0,88503.0,Male,East,6.0,C,0
1110,2024-01-21,33.0,39880.0,Female,South,5.0,D,1
1111,2023-01-13,16.0,95871.0,Male,North,1.0,A,0
1112,2023-06-17,46.0,45973.0,Female,South,,B,0
1113,2023-05-10,47.0,63105.0,Male,South,1.0,C,0
1114,2023-03-25,52.0,69196.0,Female,East,3.0,A,1
1115,2023-11-17,43.0,104002.0,,North,4.0,B,1
1116,2023-11-15,47.0,50239.0,Male,East,4.0,B,0
1117,2023-04-11,58.0,,Male,West,5.0,A,0
1118,2023-11-25,30.0,86827.0,Female,West,3.0,A,0
1119,2023-09-30,28.0,44999.0,Female,North,1.0,A,1
1120,2023-09-22,26.0,53491.0,Male,South,1.0,B,1
1121,2024-02-03,35.0,39881.0,Male,North,4.0,A,0
1122,2023-02-07,54.0,,Female,North,5.0,A,1
1123,2023-04-04,44.0,44873.0,Female,West,2.0,A,0
1124,2023-04-05,43.0,72176.0,Male,West,4.0,A,0
1125,2023-11-01,18.0,61454.0,Female,South,6.0,A,0
1126,2023-03-10,30.0,47741.0,Male,South,3.0,D,0
1127,2023-11-14,,77926.0,Female,North,,A,1
1128,2023-08-24,51.0,,Male,East,,,0
1129,2023-11-30,55.0,26771.0,Other,North,2.0,B,1
1130,2024-01-08,47.0,76555.0,Female,South,4.0,C,1
1131,2024-01-11,27.0,63328.0,Female,East,2.0,B,1
1132,2023-05-17,54.0,85033.0,Female,West,1.0,A,0
1133,2023-03-17,35.0,62231.0,Female,South,,C,1
1134,2023-02-04,25.0,45749.0,Female,South,2.0,B,0
1135,2023-01-01,27.0,56323.0,Male,East,4.0,C,0
1136,2023-10-23,33.0,74471.0,Female,South,4.0,B,0
1137,2023-11-16,39.0,46127.0,Female,South,3.0,D,1
1138,2023-03-01,36.0,52075.0,Female,South,4.0,C,1
1139,2023-11-16,22.0,56010.0,Male,South,4.0,D,0
1140,2023-12-15,51.0,39311.0,Male,South,1.0,B,0
1141,2023-11-24,36.0,46386.0,Male,South,5.0,B,1
1142,2023-09-24,30.0,63106.0,Female,,4.0,C,0
1143,2023-12-27,50.0,81645.0,Male,South,1.0,D,0
1144,2023-08-17,25.0,65709.0,Female,West,5.0,D,0
1145,2023-09-27,20.0,59174.0,Female,,4.0,A,0
1146,2023-11-12,52.0,45037.0,Female,West,1.0,C,0
1147,2023-10-13,59.0,79713.0,Female,West,2.0,A,0
1148,2023-10-18,33.0,67803.0,Male,North,,B,0
1149,2023-08-01,37.0,47279.0,,North,2.0,A,0
1150,2023-06-14,25.0,76176.0,Male,West,6.0,A,0
1151,2023-01-05,38.0,70072.0,,West,4.0,D,0
1152,2023-12-05,33.0,45356.0,Male,South,6.0,A,0
1153,2024-01-14,37.0,58175.0,Female,North,4.0,B,1
1154,2023-03-19,43.0,51130.0,Male,East,4.0,B,1
1155,2023-03-03,26.0,107404.0,Male,North,2.0,,0
1156,2023-05-12,34.0,69571.0,Male,West,1.0,A,0
1157,2023-03-30,18.0,63362.0,Female,West,,B,0
1158,2023-08-25,34.0,68508.0,Female,South,2.0,A,0
1159,2023-02-11,37.0,84825.0,Male,South,,,0
1160,2023-03-30,41.0,58499.0,Female,North,5.0,,1
1161,2023-10-23,41.0,49382.0,Male,South,0.0,A,0
1162,2023-11-24,48.0,75197.0,Other,East,5.0,A,0
1163,2023-10-22,21.0,56851.0,,East,3.0,B,0
1164,2023-04-14,22.0,40742.0,Male,South,3.0,,0
1165,2023-01-14,44.0,,Female,East,,A,1
1166,2023-10-15,16.0,87527.0,Male,East,0.0,A,0
1167,2023-06-28,40.0,62370.0,Other,North,3.0,B,0
1168,2023-05-05,25.0,49388.0,Male,East,1.0,D,1
1169,2023-12-19,55.0,55782.0,,,2.0,B,0
1170,2023-01-23,41.0,74534.0,Male,West,3.0,B,0
1171,2023-03-04,36.0,54719.0,Female,North,1.0,D,1
1172,2023-05-23,52.0,33910.0,Female,South,1.0,C,0
1173,2023-06-02,26.0,65865.0,Female,,4.0,C,0
1174,2023-05-25,,81750.0,Female,South,5.0,B,0
1175,2023-08-13,,80546.0,Female,South,5.0,D,1
1176,2023-11-05,28.0,49932.0,Male,South,2.0,C,0
1177,2023-04-14,39.0,82845.0,Male,South,2.0,D,1
1178,2023-04-14,43.0,63833.0,Male,South,3.0,C,0
1179,2023-02-08,49.0,,Other,North,5.0,C,0
1180,2023-07-17,18.0,70326.0,Male,South,6.0,A,0
1181,2023-05-14,36.0,32611.0,Female,East,3.0,A,1
1182,2023-03-08,26.0,91441.0,,East,1.0,C,1
1183,2024-01-26,36.0,60932.0,Male,South,2.0,A,0
1184,2023-06-28,64.0,70382.0,Male,East,2.0,,0
1185,2023-02-11,41.0,35807.0,Male,West,2.0,A,0
1186,2023-01-15,48.0,69096.0,Male,North,2.0,C,0
1187,2023-04-21,60.0,79853.0,Male,North,2.0,A,0
1188,2023-06-06,50.0,94836.0,Male,South,3.0,C,0
1189,2023-10-16,33.0,85207.0,Female,South,4.0,B,0
1190,2023-08-19,24.0,69976.0,Other,West,3.0,A,0
1191,2023-06-06,38.0,32201.0,Male,South,2.0,B,0
1192,2023-02-07,32.0,62381.0,Male,East,2.0,A,0
1193,2023-04-07,21.0,49335.0,Male,West,5.0,,0
1194,2023-10-16,41.0,64230.0,Female,East,3.0,B,1
1195,2023-09-11,41.0,38106.0,,North,,A,1
1196,2023-07-15,57.0,56217.0,,East,1.0,D,0
1197,2023-03-27,34.0,50691.0,Male,North,5.0,A,1
1198,2023-11-18,41.0,50133.0,Female,East,,C,1
1199,2023-01-10,31.0,50312.0,Female,North,2.0,B,0
1200,2023-01-05,48.0,57555.0,Male,South,5.0,B,1
1201,2023-05-03,37.0,65152.0,Female,East,2.0,B,0
1202,2023-11-26,25.0,15027.0,Male,,3.0,C,0
1203,2023-12-19,38.0,17224.0,Male,East,,C,0
1204,2023-04-28,42.0,53904.0,Female,West,0.0,C,1
1205,2023-10-21,41.0,56440.0,Female,South,1.0,,1
1206,2024-02-01,50.0,63404.0,Male,North,4.0,C,0
1207,2023-06-08,22.0,46902.0,Female,West,,A,0
1208,2023-10-30,29.0,60170.0,Male,East,3.0,A,0
1209,2023-08-16,45.0,,Female,West,1.0,B,1
1210,2023-12-31,30.0,46778.0,Female,East,0.0,B,0
1211,2023-08-04,41.0,78242.0,Female,South,0.0,B,1
1212,2023-07-03,11.0,,Female,West,0.0,C,0
1213,2023-01-15,68.0,69845.0,,South,1.0,A,0
1214,2023-06-06,35.0,61239.0,,North,3.0,A,0
1215,2023-05-16,51.0,97866.0,Female,East,5.0,A,0
1216,2023-09-18,34.0,70735.0,Female,East,7.0,C,0
1217,2023-06-06,43.0,51216.0,Male,South,0.0,,0
1218,2023-02-16,54.0,74777.0,Female,South,,A,0
1219,2023-11-20,51.0,30523.0,Female,North,2.0,C,0
1220,2023-11-28,36.0,62153.0,Male,West,2.0,B,0
1221,2023-06-22,37.0,65745.0,Female,East,4.0,B,0
1222,2023-05-10,49.0,62358.0,Male,East,0.0,B,0
1223,2023-04-05,64.0,53992.0,Male,North,3.0,B,0
1224,2023-04-25,40.0,41779.0,Female,North,1.0,C,0
1225,2023-08-31,60.0,45792.0,,South,3.0,A,1
1226,10/19/2023,35.0,61837.0,Female,South,6.0,A,0
1227,2023-10-09,48.0,39957.0,Male,West,3.0,A,1
1228,2023-10-26,50.0,91863.0,Other,North,5.0,B,0
1229,2023-10-10,33.0,,Male,West,2.0,D,0
1230,2023-03-10,30.0,54178.0,Male,North,1.0,B,0
1231,2023-05-28,51.0,61987.0,Male,East,4.0,A,0
1232,2023-01-11,32.0,69134.0,Female,North,7.0,C,0
1233,2023-09-11,28.0,43513.0,Female,North,2.0,C,1
1234,2023-11-26,30.0,80417.0,Female,East,4.0,D,0
1235,2023-12-26,32.0,34911.0,,North,4.0,,0
1236,2023-02-07,47.0,49810.0,Male,West,0.0,D,0
1237,2023-05-14,44.0,71173.0,Female,South,5.0,A,1
1238,2023-07-19,46.0,78723.0,Male,South,7.0,A,0
1239,2023-01-23,43.0,34728.0,Female,West,1.0,A,0
1240,2023-10-30,31.0,107611.0,Male,East,2.0,C,0
1241,2023-12-12,46.0,43845.0,Female,North,3.0,A,0
1242,2023-10-29,51.0,36381.0,,West,1.0,B,0
1243,2023-12-29,44.0,69049.0,Female,South,2.0,B,0
1244,2024-01-31,43.0,53731.0,Female,South,2.0,A,0
1245,2023-08-06,30.0,51071.0,Male,West,1.0,D,0
1246,2023-05-21,40.0,70722.0,Female,South,7.0,A,0
1247,2023-04-14,29.0,32509.0,Male,West,0.0,B,1
1248,2023-07-29,38.0,29362.0,Female,South,,C,1
1249,2023-04-21,20.0,49246.0,Female,West,3.0,A,1
1250,2023-04-14,20.0,,Male,North,50.0,C,1
1251,2023-11-12,36.0,50027.0,Other,North,0.0,C,1
1252,2023-06-20,32.0,481828.0,Female,North,3.0,D,1
1253,2023-12-22,39.0,81618.0,Male,North,1.0,D,0
1254,2023-11-20,37.0,65093.0,Female,South,3.0,A,0
1255,2023-05-13,38.0,,Male,East,1.0,B,1
1256,2024-01-11,45.0,65076.0,Female,West,1.0,A,0
1257,2023-10-20,33.0,62875.0,,East,5.0,A,0
1258,2023-11-24,36.0,53408.0,Other,South,4.0,A,0
1259,2023-05-07,54.0,55497.0,Female,South,9.0,A,0
1260,2023-04-16,38.0,40741.0,Male,East,2.0,D,0
1261,2023-04-02,36.0,20219.0,,East,2.0,,1
1262,2023-10-14,39.0,79873.0,Male,South,2.0,B,1
1263,2024-01-13,36.0,62831.0,Female,South,2.0,B,1
1264,2024-01-28,30.0,60112.0,Female,West,4.0,B,0
1265,2023-02-20,27.0,67172.0,Male,,1.0,D,0
1266,2023-01-29,30.0,45089.0,Male,,2.0,A,1
1267,2023-10-23,48.0,,Female,West,2.0,B,1
1268,2023-10-24,31.0,,Female,East,3.0,B,1
1269,2023-08-02,36.0,84626.0,Male,South,1.0,A,0
1270,2023-09-24,46.0,38963.0,Male,East,1.0,B,1
1271,2023-09-14,35.0,12713.0,Male,North,5.0,C,0
1272,10/29/2023,45.0,50615.0,Female,North,4.0,A,1
1273,2023-04-11,21.0,80569.0,Male,East,7.0,A,0
1274,2023-12-12,37.0,28814.0,Female,North,1.0,A,1
1275,2023-04-20,39.0,38755.0,Male,South,2.0,C,0
1276,2023-07-01,38.0,64744.0,Female,West,5.0,C,1
1277,2023-11-09,20.0,106258.0,Male,East,4.0,B,0
1278,2023-01-01,51.0,,,South,5.0,B,0
1279,2023-11-15,29.0,34855.0,Male,South,4.0,D,0
1280,2023-02-24,42.0,66097.0,Female,North,3.0,C,0
1281,2024-01-06,38.0,81684.0,Male,South,4.0,C,0
1282,2024-02-03,,48766.0,Female,East,6.0,C,1
1283,2023-05-29,62.0,30815.0,Female,South,4.0,B,0
1284,2023-11-05,24.0,67807.0,Male,West,6.0,B,0
1285,2023-05-17,31.0,71067.0,Female,South,2.0,D,0
1286,2023-07-21,40.0,92016.0,Female,South,4.0,D,0
1287,2023-11-09,26.0,71825.0,Male,West,0.0,A,0
1288,2023-04-27,47.0,74905.0,Male,South,3.0,A,0
1289,2023-06-03,47.0,,Male,South,1.0,D,1
1290,2023-10-18,44.0,103947.0,Female,North,4.0,A,0
1291,2023-03-04,41.0,52833.0,,East,2.0,,1
1292,2023-09-01,53.0,48985.0,Male,North,3.0,B,0
1293,2023-01-25,25.0,481828.0,Female,East,,A,0
1294,2023-03-31,39.0,33464.0,Female,West,5.0,A,1
1295,2023-03-16,,26747.0,Female,West,2.0,A,0
1296,2023-10-21,48.0,62152.0,Female,,4.0,A,0
1297,2024-01-21,18.0,59969.0,Female,East,,B,0
1298,2024-01-26,38.0,55898.0,Female,East,4.0,C,1
1299,2023-07-29,42.0,77891.0,Male,East,5.0,D,0
1300,2023-12-13,28.0,43652.0,Female,West,1.0,B,0
1301,2023-01-17,31.0,61155.0,Female,East,3.0,B,0
1302,2023-05-08,,53518.0,Male,South,5.0,B,0
1303,2023-12-30,49.0,481828.0,Female,North,,B,1
1304,2023-09-08,,58887.0,Female,West,0.0,B,0
1305,2023-06-28,29.0,75347.0,Female,,1.0,A,0
1306,2023-07-01,50.0,98170.0,Male,South,2.0,A,0
1307,2023-06-01,35.0,70430.0,,East,3.0,,1
1308,2023-01-25,29.0,14805.0,Female,North,1.0,A,0
1309,2023-06-29,46.0,59313.0,Female,South,,C,0
1310,2023-07-17,33.0,60896.0,Male,South,2.0,A,0
1311,2023-12-10,49.0,76852.0,Female,North,5.0,D,0
1312,2023-06-10,31.0,63327.0,Female,West,1.0,D,0
1313,2023-06-26,36.0,,Male,North,3.0,D,0
1314,2023-10-12,48.0,67050.0,Male,West,2.0,,1
1315,2023-03-04,36.0,88058.0,Male,East,4.0,A,0
1316,2023-05-30,46.0,52103.0,Female,West,5.0,B,0
1317,2023-06-03,37.0,62598.0,Male,East,3.0,A,0
1318,2023-06-05,60.0,74880.0,,North,3.0,C,1
1319,2024-01-05,55.0,49701.0,Male,East,3.0,D,0
1320,18-Feb-2023,23.0,45780.0,Male,South,2.0,,0
1321,2023-12-03,44.0,48672.0,Male,East,3.0,B,1
1322,2023-03-25,,46514.0,Male,West,6.0,C,0
1323,2023-12-27,40.0,69406.0,Female,West,2.0,A,0
1324,2023-06-26,,26973.0,Female,West,,A,1
1325,2023-05-28,26.0,31993.0,Male,East,3.0,C,0
1326,2023-04-28,50.0,93529.0,Male,West,1.0,,0
1327,2023-12-08,40.0,46948.0,Other,West,4.0,D,0
1328,2023-03-04,,63600.0,,South,5.0,,1
1329,2023-07-08,33.0,33195.0,Male,East,2.0,D,0
1330,2023-12-26,40.0,61694.0,Male,South,3.0,B,0
1331,2023-02-18,42.0,47058.0,Male,West,0.0,C,1
1332,2023-11-23,37.0,31864.0,Female,West,1.0,C,0
1333,2023-09-14,7.0,84065.0,,West,7.0,D,0
1334,2023-08-12,38.0,81286.0,Female,East,6.0,A,1
1335,2023-05-21,22.0,58068.0,Male,,2.0,D,0
1336,2023-08-03,36.0,77990.0,,West,2.0,A,0
1337,2024-01-14,23.0,94259.0,Female,West,3.0,A,0
1338,2023-07-30,,73573.0,Male,West,4.0,B,0
1339,2023-11-14,52.0,68634.0,Female,West,3.0,C,0
1340,2023-02-01,34.0,63581.0,Male,East,4.0,B,0
1341,2023-06-07,34.0,71691.0,Female,North,1.0,C,1
1342,2023-10-12,43.0,,Male,North,4.0,C,0
1343,2023-11-01,34.0,55021.0,Female,North,3.0,A,1
1344,2023-10-13,61.0,68116.0,Male,West,4.0,D,1
1345,2023-05-24,35.0,51470.0,Female,West,4.0,A,0
1346,2023-01-19,42.0,53416.0,Male,North,4.0,D,0
1347,2023-01-18,49.0,60003.0,Female,North,3.0,A,0
1348,2023-09-14,56.0,80711.0,Male,West,0.0,,0
1349,2023-03-19,30.0,39612.0,Female,,,B,0
1350,2024-01-06,33.0,73665.0,Male,South,3.0,A,0
1351,2023-06-24,52.0,74252.0,Male,South,6.0,B,0
1352,2023-07-13,47.0,74145.0,,South,,A,1
1353,2023-04-23,50.0,45479.0,Male,North,3.0,A,0
1354,2023-04-24,23.0,29532.0,Male,East,3.0,A,0
1355,2023-08-10,55.0,70075.0,Female,West,3.0,B,0
1356,2023-06-15,30.0,63376.0,Other,South,3.0,C,1
1357,2023-11-15,40.0,,,East,2.0,B,1
1358,2023-05-12,36.0,47390.0,Female,West,3.0,D,0
1359,2024-01-20,28.0,73682.0,Female,East,3.0,B,0
1360,2023-09-21,22.0,78979.0,Male,North,3.0,C,0
1361,2023-02-24,19.0,58284.0,Female,North,2.0,C,0
1362,2023-12-25,39.0,67505.0,Female,North,2.0,B,0
1363,2023-05-11,21.0,66875.0,Other,South,2.0,C,0
1364,2023-10-15,26.0,45214.0,Male,West,5.0,A,0
1365,2023-09-23,36.0,69560.0,Female,North,2.0,D,1
1366,2024-01-01,9.0,89205.0,Male,South,6.0,C,0
1367,2023-06-11,47.0,60400.0,Male,South,50.0,A,0
1368,2024-01-15,11.0,33703.0,Male,South,3.0,C,1
1369,2023-03-28,37.0,47630.0,Other,South,3.0,A,0
1370,2023-02-24,38.0,27970.0,Female,North,0.0,A,1
1371,2023-10-15,44.0,83225.0,Female,South,5.0,A,0
1372,2023-06-27,38.0,73754.0,Female,North,2.0,C,0
1373,2024-01-26,60.0,50975.0,Male,North,3.0,C,0
1374,2023-12-15,40.0,34475.0,,South,3.0,C,0
1375,2023-01-08,50.0,45001.0,Male,,4.0,A,0
1376,2023-11-17,30.0,48511.0,Male,West,2.0,B,0
1377,2023-11-09,39.0,61969.0,Female,West,5.0,C,0
1378,2023-09-04,55.0,61364.0,Female,East,1.0,A,0
1379,2023-11-19,35.0,84146.0,Male,West,4.0,B,0
1380,2023-09-12,40.0,47530.0,Male,North,0.0,,1
1381,2023-11-24,49.0,,Male,North,6.0,A,1
1382,2023-02-23,30.0,39174.0,Male,West,2.0,B,0
1383,2023-09-06,14.0,59586.0,Female,South,2.0,,1
1384,2023-08-27,41.0,46884.0,,South,1.0,A,1
1385,2023-08-17,49.0,54744.0,Female,North,4.0,A,0
1386,2023-03-08,,51827.0,Male,South,1.0,A,1
1387,2023-02-20,45.0,77824.0,Male,East,4.0,A,1
1388,2023-04-07,45.0,49435.0,,,,A,0
1389,2023-04-02,13.0,53208.0,Female,West,2.0,B,0
1390,2023-09-21,28.0,72911.0,Female,West,3.0,C,0
1391,2023-10-18,34.0,49830.0,,South,3.0,B,0
1392,2023-04-06,36.0,67618.0,Female,North,3.0,C,0
1393,2023-03-29,30.0,,Female,West,1.0,C,0
1394,2023-03-19,29.0,62552.0,Female,East,2.0,A,0
1395,2023-10-15,56.0,39581.0,Female,West,4.0,A,0
1396,2023-04-30,37.0,82136.0,Female,West,2.0,D,0
1397,2023-10-29,30.0,99972.0,Female,East,5.0,A,0
1398,2024-02-04,38.0,60159.0,,North,4.0,A,0
1399,2023-06-14,44.0,41166.0,Male,West,4.0,A,1
1400,2023-07-01,39.0,60524.0,Male,West,3.0,B,0
1401,2024-02-02,36.0,77817.0,,West,1.0,B,1
1402,2023-08-11,31.0,48927.0,Female,South,0.0,D,0
1403,2023-11-07,31.0,57680.0,Female,West,2.0,D,0
1404,2023-01-07,31.0,66132.0,Male,East,50.0,B,0
1405,2023-11-26,42.0,81655.0,Female,North,,B,1
1406,2023-09-20,27.0,73958.0,Male,North,4.0,A,0
1407,2023-06-10,42.0,74704.0,Male,East,1.0,A,1
1408,2023-05-31,54.0,52327.0,Male,South,,A,0
1409,2023-03-26,42.0,67235.0,Male,East,5.0,A,0
1410,2023-05-27,34.0,47005.0,Male,North,4.0,A,1
1411,2023-04-22,24.0,75219.0,Female,East,5.0,,0
1412,2024-01-16,55.0,80722.0,Male,South,4.0,A,1
1413,2023-02-05,25.0,69961.0,Other,North,4.0,D,0
1414,2023-10-12,,53387.0,Male,South,2.0,B,1
1415,2023-07-07,45.0,,Male,East,0.0,D,1
1416,2023-03-23,35.0,92517.0,Male,West,2.0,B,1
1417,2023-01-02,35.0,53687.0,Female,East,5.0,B,1
1418,2024-01-20,18.0,78900.0,Male,,6.0,A,0
1419,2023-10-30,42.0,66100.0,Female,East,1.0,A,0
1420,2023-07-16,45.0,53986.0,Female,West,0.0,A,0
1421,2023-01-11,26.0,,Female,South,4.0,D,1
1422,2023-08-22,36.0,63809.0,Female,East,,D,0
1423,2024-01-21,38.0,61640.0,Male,South,5.0,A,0
1424,2023-07-14,44.0,92518.0,Male,South,3.0,A,0
1425,2023-04-29,38.0,44517.0,Male,North,,B,0
1426,2024-01-31,20.0,101306.0,,North,,A,0
1427,2023-01-20,32.0,66819.0,Male,South,2.0,,1
1428,2023-09-18,40.0,66801.0,,East,4.0,A,0
1429,2023-10-20,,49325.0,,East,1.0,B,0
1430,2023-09-13,31.0,65665.0,Male,East,4.0,A,0
1431,2023-08-10,62.0,68515.0,Female,West,6.0,B,1
1432,2024-01-28,17.0,76872.0,Female,South,1.0,A,1
1433,2023-08-14,32.0,42390.0,Male,South,3.0,B,1
1434,2023-02-22,37.0,85322.0,Male,,2.0,D,1
1435,2023-12-21,36.0,66505.0,Male,,2.0,,1
1436,2023-12-08,24.0,70948.0,Female,South,4.0,D,0
1437,2023-12-30,43.0,56023.0,Female,West,5.0,C,0
1438,10/07/2023,42.0,43293.0,Female,North,1.0,D,0
1439,2023-03-22,39.0,61309.0,Female,,2.0,C,1
1440,2023-07-21,,63371.0,Female,West,4.0,C,0
1441,2023-06-07,33.0,35062.0,Male,East,4.0,D,1
1442,2023-04-30,20.0,74279.0,Male,North,4.0,A,0
1443,2023-02-28,30.0,77937.0,Female,East,6.0,B,0
1444,2023-08-03,40.0,46866.0,Male,South,3.0,D,0
1445,2023-05-08,40.0,41593.0,Male,,4.0,C,0
1446,2023-08-12,38.0,,Female,,4.0,D,0
1447,2023-07-28,44.0,60430.0,Male,South,1.0,C,1
1448,2024-01-05,,55245.0,Female,,2.0,D,1
1449,2023-04-25,38.0,58903.0,Female,North,1.0,C,1
1450,2023-07-28,44.0,63987.0,Male,East,2.0,C,1
1451,2023-01-14,37.0,35371.0,Female,South,1.0,B,0
1452,2023-01-09,24.0,37441.0,Male,South,,D,1
1453,2023-02-09,27.0,10999.0,Male,West,2.0,C,0
1454,2023-08-25,47.0,76966.0,Male,North,2.0,C,0
1455,2023-10-08,53.0,60274.0,Male,West,6.0,C,0
1456,2023-12-25,51.0,78861.0,Female,North,2.0,A,0
1457,2023-07-20,41.0,39521.0,Male,South,,A,1
1458,2023-09-03,,60439.0,Male,North,0.0,D,0
1459,2023-10-05,38.0,63867.0,Male,South,1.0,B,0
1460,2023-08-23,55.0,49888.0,Female,North,1.0,A,1
1461,2023-01-04,45.0,32038.0,Female,East,4.0,A,0
1462,2023-06-03,36.0,91426.0,Male,North,2.0,C,0
1463,2023-01-29,45.0,85187.0,Male,East,5.0,C,0
1464,2023-04-19,24.0,53125.0,Male,North,3.0,C,0
1465,2023-04-08,30.0,69184.0,Male,North,,B,0
1466,2023-08-03,26.0,51274.0,Female,West,5.0,B,0
1467,2023-10-20,43.0,,Female,West,3.0,A,1
1468,2023-03-16,46.0,92891.0,Male,South,3.0,A,0
1469,2023-11-22,36.0,,,West,5.0,C,0
1470,2023-05-26,28.0,54861.0,Male,North,4.0,A,0
1471,2023-05-08,38.0,61518.0,Female,West,1.0,B,0
1472,2023-12-07,33.0,,Male,North,4.0,B,0
1473,2023-02-11,29.0,76139.0,Other,East,3.0,B,0
1474,2023-12-22,42.0,29900.0,Female,North,1.0,D,1
1475,2023-02-10,30.0,59950.0,,South,3.0,A,0
1476,2023-02-03,21.0,60379.0,Female,East,2.0,C,1
1477,2023-01-17,23.0,55890.0,Female,South,,A,0
1478,2023-06-14,20.0,71157.0,Female,South,1.0,A,0
1479,2023-06-02,41.0,34636.0,Male,South,1.0,B,0
1480,2024-01-13,40.0,52645.0,Male,West,2.0,A,1
1481,2023-03-17,39.0,68619.0,Female,South,4.0,C,0
1482,2023-03-28,,72232.0,Female,East,2.0,B,0
1483,2023-04-27,51.0,62690.0,Female,North,2.0,A,0
1484,2023-12-28,31.0,54809.0,Female,South,4.0,A,1
1485,2023-12-08,42.0,57841.0,Female,East,2.0,B,0
1486,2023-01-27,21.0,73327.0,Female,South,3.0,C,1
1487,2023-11-09,53.0,60610.0,Male,North,4.0,B,0
1488,2023-10-14,24.0,41247.0,Female,East,5.0,B,1
1489,2023-05-14,30.0,37797.0,Female,East,3.0,,1
1490,2023-08-07,31.0,33187.0,Female,North,2.0,B,1
1491,2023-06-17,21.0,86200.0,,East,5.0,,1
1492,2023-04-08,38.0,74534.0,Male,North,4.0,B,1
1493,2023-09-25,40.0,58083.0,Female,East,50.0,B,0
1494,2023-08-25,36.0,51832.0,Female,East,5.0,C,0
1495,2023-11-05,21.0,49669.0,Male,North,2.0,B,0
1496,2024-01-29,60.0,79678.0,Male,North,3.0,D,0
1497,2023-06-22,44.0,94280.0,Male,East,2.0,A,0
1498,2023-07-09,67.0,49103.0,Male,East,10.0,D,0
1499,2023-05-02,,80491.0,Male,North,4.0,B,1
1500,2023-02-15,49.0,60504.0,Male,West,3.0,C,1
